New York Snowfall, July 2017
"GHCN ID","Station Name",County,Elevation,Latitude,Longitude,"Jul 1","Jul 2","Jul 3","Jul 4","Jul 5","Jul 6","Jul 7","Jul 8","Jul 9","Jul 10","Jul 11","Jul 12","Jul 13","Jul 14","Jul 15","Jul 16","Jul 17","Jul 18","Jul 19","Jul 20","Jul 21","Jul 22","Jul 23","Jul 24","Jul 25","Jul 26","Jul 27","Jul 28","Jul 29","Jul 30","Jul 31"
US1NYAB0023,"ALBANY 0.7 SW","ALBANY",256,-73.81,42.66,M,M,M,M,0.0,0.0,M,M,M,0.0,M,0.0,M,M,M,0.0,0.0,M,0.0,0.0,0.0,0.0,M,M,M,M,M,M,0.0,0.0,0.0
USW00014735,"ALBANY INTL AIRPORT","ALBANY",312,-73.81,42.74,0.0,0.0,0.0,0.0,0.0,0.0,0.0,0.0,0.0,0.0,0.0,0.0,0.0,0.0,0.0,0.0,0.0,0.0,0.0,0.0,0.0,0.0,0.0,0.0,0.0,0.0,0.0,0.0,0.0,0.0,0.0
US1NYNS0042,"ALBERTSON 0.2 SSE","NASSAU",142,-73.65,40.77,M,M,M,M,0.0,0.0,M,M,0.0,0.0,0.0,M,M,M,M,0.0,0.0,0.0,0.0,0.0,0.0,0.0,M,M,M,0.0,0.0,M,0.0,0.0,0.0
US1NYOL0004,"ALBION 1.9 NW","ORLEANS",468,-78.22,43.26,M,M,M,M,M,M,M,M,M,M,M,M,M,M,M,M,M,M,0.0,M,M,M,M,M,M,M,M,M,M,M,0.0
USC00300085,"ALFRED","ALLEGANY",1706,-77.76,42.25,0.0,0.0,0.0,0.0,0.0,0.0,0.0,0.0,0.0,0.0,0.0,0.0,0.0,0.0,0.0,0.0,0.0,0.0,0.0,0.0,0.0,0.0,0.0,0.0,0.0,0.0,0.0,0.0,0.0,0.0,0.0
US1NYCT0011,"ALLEGANY 4.7 N","CATTARAUGUS",1667,-78.49,42.16,M,M,M,0.0,0.0,M,0.0,M,M,0.0,M,M,M,M,M,M,M,0.0,0.0,0.0,M,0.0,M,M,M,M,M,M,0.0,0.0,M
USC00300093,"ALLEGANY STATE PARK","CATTARAUGUS",1500,-78.75,42.10,0.0,0.0,0.0,0.0,0.0,0.0,0.0,0.0,0.0,0.0,0.0,0.0,0.0,0.0,0.0,0.0,0.0,0.0,0.0,0.0,0.0,0.0,0.0,0.0,0.0,0.0,0.0,0.0,0.0,0.0,0.0
US1NYAB0001,"ALTAMONT 2.7 SSW","ALBANY",1460,-74.05,42.67,M,M,M,M,M,M,M,M,M,M,M,0.0,M,M,M,M,0.0,M,0.0,0.0,0.0,0.0,M,M,M,M,M,M,M,M,0.0
US1NYER0098,"AMHERST 5.4 NNE","ERIE",580,-78.76,43.05,M,M,0.0,0.0,0.0,0.0,0.0,M,0.0,0.0,M,0.0,M,M,M,M,M,M,0.0,0.0,M,0.0,M,M,M,0.0,M,M,0.0,0.0,0.0
US1NYSF0089,"AMITYVILLE 0.1 WSW","SUFFOLK",12,-73.42,40.67,M,M,M,M,0.0,0.0,0.0,M,M,M,M,M,M,M,M,M,0.0,0.0,0.0,0.0,0.0,0.0,M,M,M,M,0.0,M,M,M,0.0
USC00300183,"ANGELICA","ALLEGANY",1475,-78.02,42.31,0.0,0.0,0.0,0.0,0.0,0.0,0.0,0.0,0.0,0.0,0.0,0.0,0.0,0.0,0.0,0.0,0.0,0.0,0.0,0.0,T,0.0,0.0,0.0,0.0,0.0,0.0,0.0,0.0,0.0,0.0
US1NYTG0008,"APALACHIN 2.8 ESE","TIOGA",1034,-76.12,42.05,0.0,M,M,0.0,0.0,M,M,M,M,0.0,M,0.0,M,M,M,M,M,M,M,M,M,M,M,M,M,M,M,M,M,M,M
US1NYTG0003,"APALACHIN 3.0 ESE","TIOGA",910,-76.12,42.05,M,M,M,M,M,M,M,M,M,0.0,M,0.0,M,M,M,0.0,0.0,M,0.0,0.0,M,M,M,M,M,M,0.0,M,M,0.0,0.0
US1NYWC0018,"ARMONK 0.3 SE","WESTCHESTER",385,-73.71,41.13,M,M,M,M,M,M,M,M,M,M,M,M,M,M,M,M,M,M,0.0,M,0.0,M,M,M,M,M,0.0,M,M,M,M
US1NYWC0015,"ARMONK 0.4 E","WESTCHESTER",424,-73.71,41.13,M,M,M,M,M,M,M,M,M,M,0.0,M,0.0,M,M,M,M,M,M,0.0,0.0,0.0,M,M,M,M,M,M,M,M,M
USC00300317,"ATTICA 7 SW","WYOMING",1365,-78.40,42.81,0.0,0.0,0.0,0.0,0.0,0.0,0.0,0.0,0.0,0.0,0.0,0.0,0.0,0.0,0.0,0.0,0.0,0.0,0.0,0.0,0.0,0.0,0.0,0.0,0.0,0.0,0.0,0.0,0.0,0.0,0.0
USC00300321,"AUBURN","CAYUGA",770,-76.54,42.93,0.0,0.0,0.0,0.0,0.0,0.0,0.0,0.0,0.0,0.0,0.0,0.0,0.0,0.0,0.0,0.0,0.0,0.0,0.0,0.0,0.0,0.0,0.0,0.0,0.0,0.0,0.0,0.0,0.0,0.0,0.0
US1NYCY0008,"AUBURN 8.3 SSE","CAYUGA",1050,-76.49,42.83,M,M,0.0,0.0,M,M,M,M,M,M,M,M,M,M,M,M,M,M,M,M,M,M,M,M,M,M,M,M,M,M,M
US1NYCY0026,"AURORA 2.4 N","CAYUGA",501,-76.70,42.79,M,M,M,0.0,0.0,0.0,M,M,M,0.0,M,M,M,M,M,M,M,M,0.0,0.0,M,0.0,0.0,M,M,M,M,M,0.0,0.0,0.0
USC00300331,"AURORA RESEARCH FARM","CAYUGA",830,-76.66,42.73,0.0,0.0,0.0,0.0,0.0,M,0.0,0.0,0.0,0.0,0.0,0.0,0.0,0.0,0.0,0.0,0.0,0.0,0.0,0.0,0.0,0.0,0.0,0.0,0.0,0.0,0.0,0.0,0.0,0.0,0.0
US1NYRN0001,"AVERILL PARK 0.9 WNW","RENSSELAER",633,-73.57,42.64,M,M,M,0.0,0.0,0.0,M,M,M,0.0,M,0.0,M,M,M,M,0.0,M,0.0,0.0,0.0,0.0,0.0,M,M,M,M,M,0.0,0.0,0.0
USC00300343,"AVON","LIVINGSTON",545,-77.76,42.92,0.0,0.0,0.0,0.0,0.0,0.0,0.0,0.0,0.0,0.0,0.0,0.0,0.0,0.0,0.0,0.0,0.0,0.0,0.0,0.0,0.0,0.0,0.0,0.0,0.0,0.0,0.0,0.0,0.0,0.0,0.0
US1NYLV0002,"AVON 0.5 NNE","LIVINGSTON",625,-77.74,42.92,M,M,0.0,0.0,0.0,0.0,0.0,M,M,M,M,0.0,M,M,0.0,M,M,0.0,0.0,0.0,M,0.0,M,M,M,0.0,M,M,0.0,M,0.0
USC00300364,"BAITING HOLLOW","SUFFOLK",35,-72.74,40.93,0.0,0.0,0.0,0.0,0.0,0.0,0.0,0.0,0.0,0.0,0.0,0.0,0.0,0.0,0.0,0.0,0.0,0.0,0.0,0.0,0.0,0.0,0.0,0.0,0.0,0.0,0.0,0.0,0.0,0.0,0.0
USC00300379,"BALDWINSVILLE","ONONDAGA",379,-76.33,43.15,0.0,0.0,0.0,0.0,0.0,0.0,0.0,0.0,0.0,0.0,0.0,0.0,0.0,0.0,0.0,0.0,0.0,0.0,0.0,0.0,0.0,0.0,0.0,0.0,M,0.0,0.0,0.0,0.0,0.0,0.0
US1NYOG0046,"BALDWINSVILLE 3.5 NE","ONONDAGA",390,-76.29,43.20,0.0,0.0,0.0,0.0,0.0,0.0,0.0,M,M,0.0,0.0,M,M,M,M,M,M,0.0,0.0,M,M,M,M,M,0.0,0.0,M,M,0.0,0.0,0.0
US1NYSR0016,"BALLSTON SPA 2.9 ESE","SARATOGA",363,-73.80,42.99,M,M,M,M,M,M,M,M,M,M,M,M,M,M,0.0,M,M,M,M,M,M,M,M,M,M,M,M,M,M,M,M
USC00300443,"BATAVIA","GENESEE",913,-78.17,43.03,0.0,0.0,0.0,0.0,0.0,0.0,0.0,0.0,0.0,0.0,0.0,0.0,0.0,0.0,0.0,0.0,0.0,0.0,0.0,0.0,0.0,0.0,0.0,0.0,0.0,0.0,0.0,0.0,0.0,0.0,0.0
US1NYST0033,"BATH 4.2 E","STEUBEN",1651,-77.24,42.34,0.0,0.0,0.0,0.0,0.0,0.0,0.0,0.0,0.0,0.0,0.0,0.0,0.0,0.0,0.0,0.0,0.0,0.0,0.0,0.0,0.0,M,M,M,M,M,M,M,M,M,M
US1NYST0035,"BATH 6.8 SW","STEUBEN",1704,-77.41,42.27,M,M,0.0,M,M,M,M,M,0.0,0.0,M,M,M,M,M,M,M,M,M,0.0,M,0.0,M,M,M,M,0.0,0.0,M,M,M
US1NYPT0002,"BEACON 4.2 ESE","PUTNAM",854,-73.89,41.48,M,M,M,M,M,M,M,M,M,M,M,M,M,M,M,0.0,M,M,M,M,M,M,M,M,M,M,0.0,M,M,0.0,M
USC00300500,"BEAVER FALLS","LEWIS",740,-75.43,43.89,0.0,0.0,0.0,0.0,0.0,0.0,0.0,0.0,0.0,0.0,0.0,0.0,0.0,0.0,0.0,0.0,0.0,0.0,0.0,0.0,0.0,0.0,0.0,0.0,0.0,0.0,0.0,0.0,0.0,0.0,0.0
USC00300608,"BENNETTS BRIDGE","OSWEGO",660,-75.95,43.53,0.0,0.0,0.0,0.0,0.0,0.0,0.0,0.0,0.0,0.0,0.0,0.0,0.0,0.0,0.0,0.0,0.0,0.0,0.0,0.0,0.0,0.0,0.0,0.0,0.0,0.0,0.0,0.0,0.0,0.0,0.0
US1NYTG0015,"BERKSHIRE 1.9 ENE","TIOGA",1545,-76.22,42.32,M,M,M,0.0,0.0,0.0,0.0,M,0.0,0.0,M,0.0,M,M,M,M,0.0,M,0.0,0.0,M,M,M,M,M,M,M,M,0.0,0.0,0.0
US1NYST0004,"BIG FLATS 2.0 W","STEUBEN",935,-76.97,42.14,M,M,0.0,0.0,0.0,0.0,0.0,M,M,0.0,M,0.0,M,M,M,0.0,0.0,M,0.0,0.0,M,0.0,M,M,M,M,0.0,M,0.0,0.0,0.0
USC00300668,"BIG MOOSE 3 SE","HERKIMER",1759,-74.87,43.80,M,M,M,M,M,0.0,0.0,M,M,M,M,M,M,M,M,M,M,M,M,M,0.0,M,M,M,M,M,M,M,M,M,M
USW00004725,"BINGHAMTON (GREATER  AP)","BROOME",1595,-75.98,42.21,0.0,0.0,0.0,0.0,0.0,0.0,0.0,0.0,0.0,0.0,0.0,0.0,0.0,0.0,0.0,0.0,0.0,0.0,0.0,0.0,0.0,0.0,0.0,0.0,0.0,0.0,0.0,0.0,0.0,0.0,0.0
US1NYBM0011,"BINGHAMTON 1.8 SW","BROOME",1352,-75.93,42.07,M,M,M,0.0,0.0,0.0,M,M,M,M,M,M,M,M,M,0.0,0.0,M,0.0,0.0,M,0.0,0.0,M,M,M,0.0,0.0,0.0,0.0,M
US1NYBM0032,"BINGHAMTON 2.9 NNE","BROOME",893,-75.89,42.14,M,M,M,0.0,0.0,0.0,M,M,M,0.0,M,M,M,M,M,M,0.0,M,0.0,0.0,M,M,M,M,M,M,M,M,0.0,0.0,0.0
USC00300684,"BINGHAMTON WFO","BROOME",1600,-75.99,42.21,M,0.0,0.0,0.0,0.0,M,0.0,0.0,0.0,0.0,0.0,M,0.0,0.0,0.0,0.0,M,M,0.0,0.0,M,0.0,0.0,0.0,0.0,0.0,0.0,0.0,0.0,0.0,0.0
US1NYER0060,"BLASDELL 1.5 SSW","ERIE",630,-78.84,42.78,0.0,0.0,0.0,0.0,0.0,0.0,0.0,0.0,M,0.0,0.0,0.0,0.0,0.0,0.0,M,0.0,0.0,0.0,0.0,M,0.0,0.0,0.0,0.0,0.0,0.0,0.0,0.0,0.0,0.0
US1NYES0008,"BLOOMINGDALE 7.8 E","ESSEX",1720,-73.93,44.43,M,M,M,0.0,0.0,0.0,0.0,M,M,M,0.0,0.0,M,M,M,M,M,M,0.0,0.0,M,M,M,M,M,M,M,M,0.0,0.0,0.0
US1NYSF0060,"BLUE POINT 0.4 E","SUFFOLK",17,-73.03,40.75,0.0,0.0,0.0,0.0,M,M,M,M,M,M,M,M,M,M,M,M,M,M,M,M,M,M,M,M,M,M,M,M,M,0.0,M
US1NYSF0059,"BOHEMIA 0.5 ENE","SUFFOLK",75,-73.11,40.78,0.0,0.0,0.0,0.0,0.0,0.0,M,M,0.0,0.0,0.0,M,M,M,M,M,0.0,0.0,0.0,M,M,M,M,M,M,M,M,0.0,M,0.0,0.0
US1NYOD0004,"BOONVILLE 0.2 NW","ONEIDA",1135,-75.33,43.48,M,M,0.0,0.0,0.0,0.0,0.0,M,M,0.0,M,M,M,0.0,M,M,M,0.0,0.0,M,0.0,0.0,0.0,M,M,M,M,0.0,0.0,0.0,0.0
US1NYOD0051,"BOONVILLE 2.7 W","ONEIDA",1270,-75.38,43.48,M,M,M,M,M,M,M,M,M,M,M,0.0,M,0.0,M,M,M,M,M,M,M,M,0.0,M,M,M,M,M,M,M,M
USC00300785,"BOONVILLE 4 SSW","ONEIDA",1549,-75.37,43.44,0.0,0.0,0.0,0.0,0.0,0.0,0.0,0.0,0.0,0.0,0.0,0.0,0.0,0.0,0.0,0.0,0.0,0.0,0.0,0.0,0.0,0.0,0.0,0.0,0.0,0.0,0.0,0.0,0.0,0.0,0.0
US1NYOD0001,"BOONVILLE 8.0 E","ONEIDA",1445,-75.17,43.48,0.0,0.0,0.0,M,M,0.0,0.0,M,M,M,0.0,0.0,0.0,0.0,0.0,0.0,0.0,0.0,M,0.0,0.0,0.0,0.0,0.0,0.0,0.0,0.0,0.0,0.0,0.0,0.0
USC00300870,"BREWERTON LOCK 23","ONONDAGA",377,-76.20,43.24,M,M,M,M,0.0,0.0,0.0,M,M,M,M,M,M,M,M,M,M,M,M,M,M,M,M,M,M,M,M,M,M,M,M
USC00300889,"BRIDGEHAMPTON","SUFFOLK",42,-72.30,40.95,0.0,0.0,0.0,0.0,0.0,0.0,0.0,0.0,0.0,0.0,0.0,0.0,0.0,0.0,0.0,0.0,0.0,0.0,0.0,0.0,0.0,0.0,0.0,0.0,0.0,0.0,0.0,0.0,0.0,0.0,0.0
US1NYOT0004,"BRIDGEWATER 4.3 SSE","OTSEGO",1060,-75.23,42.82,M,M,M,0.0,0.0,0.0,M,M,M,0.0,M,0.0,M,M,M,0.0,0.0,M,0.0,0.0,M,0.0,M,M,M,M,M,M,0.0,0.0,0.0
USC00300937,"BROCKPORT","MONROE",498,-77.95,43.22,0.0,0.0,0.0,0.0,0.0,0.0,0.0,0.0,0.0,0.0,0.0,0.0,0.0,0.0,0.0,0.0,0.0,0.0,0.0,0.0,0.0,0.0,0.0,0.0,0.0,0.0,0.0,0.0,0.0,0.0,0.0
US1NYMR0015,"BROCKPORT 0.6 WNW","MONROE",386,-77.95,43.22,M,0.0,M,0.0,0.0,0.0,0.0,M,0.0,M,0.0,M,M,M,0.0,M,M,0.0,0.0,M,0.0,0.0,0.0,M,M,0.0,M,0.0,0.0,0.0,0.0
US1NYKN0025,"BROOKLYN 3.1 NW","KINGS",18,-73.99,40.68,M,M,0.0,M,M,0.0,M,M,M,M,M,M,M,M,M,0.0,0.0,0.0,0.0,M,M,M,M,M,M,0.0,0.0,M,0.0,0.0,0.0
US1NYER0024,"BUFFALO 1.3 NW","ERIE",650,-78.88,42.90,M,0.0,0.0,0.0,0.0,0.0,0.0,0.0,0.0,0.0,M,0.0,M,M,0.0,0.0,M,0.0,0.0,0.0,M,0.0,M,0.0,M,M,M,0.0,0.0,0.0,0.0
US1NYER0093,"BUFFALO 1.5 W","ERIE",584,-78.89,42.89,M,M,0.0,0.0,0.0,0.0,0.0,M,0.0,0.0,M,0.0,M,M,0.0,0.0,M,0.0,0.0,0.0,M,0.0,M,0.0,M,0.0,M,0.0,0.0,0.0,0.0
USC00301011,"BUFFALO 4NE","ERIE",625,-78.84,42.95,0.0,0.0,0.0,0.0,0.0,0.0,0.0,0.0,0.0,0.0,0.0,0.0,0.0,0.0,0.0,0.0,0.0,0.0,0.0,0.0,0.0,0.0,0.0,0.0,0.0,0.0,0.0,0.0,0.0,0.0,0.0
USW00014733,"BUFFALO NIAGARA INTL","ERIE",716,-78.74,42.94,0.0,0.0,0.0,0.0,0.0,0.0,0.0,0.0,0.0,0.0,0.0,0.0,0.0,0.0,0.0,0.0,0.0,0.0,0.0,0.0,0.0,0.0,0.0,0.0,0.0,0.0,0.0,0.0,0.0,0.0,0.0
USC00301068,"BUSKIRK","RENSSELAER",507,-73.43,42.94,0.0,0.0,0.0,0.0,0.0,0.0,0.0,0.0,0.0,0.0,0.0,0.0,0.0,0.0,0.0,0.0,0.0,0.0,0.0,0.0,0.0,0.0,0.0,0.0,0.0,0.0,0.0,0.0,0.0,0.0,0.0
USC00301102,"CALLICOON CENTER","SULLIVAN",1221,-74.95,41.83,M,M,M,0.0,M,0.0,M,0.0,0.0,M,M,M,M,0.0,M,M,M,M,M,M,M,M,0.0,M,M,M,M,M,M,M,M
US1NYOG0010,"CAMILLUS 1.0 W","ONONDAGA",812,-76.33,43.04,M,M,0.0,0.0,0.0,M,0.0,M,0.0,0.0,M,0.0,M,M,M,M,M,M,M,0.0,M,0.0,0.0,M,M,M,M,M,0.0,0.0,0.0
USW00014743,"CANTON 4 SE","ST. LAWRENCE",448,-75.11,44.58,M,M,M,M,M,M,M,M,M,M,M,M,M,M,M,0.0,0.0,0.0,0.0,M,M,M,M,M,M,M,M,M,M,M,M
USC00301211,"CARMEL 4N","PUTNAM",680,-73.65,41.47,0.0,0.0,0.0,0.0,0.0,0.0,0.0,0.0,0.0,0.0,0.0,0.0,0.0,0.0,0.0,0.0,0.0,0.0,0.0,0.0,0.0,0.0,0.0,0.0,0.0,0.0,0.0,0.0,0.0,0.0,0.0
USC00305673,"CATTARAUGUS","CATTARAUGUS",1355,-78.87,42.32,0.0,0.0,0.0,0.0,0.0,0.0,0.0,0.0,0.0,0.0,0.0,0.0,0.0,0.0,0.0,0.0,0.0,0.0,0.0,0.0,0.0,0.0,0.0,0.0,0.0,0.0,0.0,0.0,0.0,0.0,0.0
US1NYCY0002,"CAYUGA 3.2 ESE","CAYUGA",520,-76.67,42.90,0.0,0.0,0.0,0.0,0.0,0.0,0.0,0.0,0.0,0.0,0.0,0.0,0.0,0.0,0.0,0.0,0.0,0.0,0.0,0.0,0.0,0.0,0.0,0.0,0.0,0.0,0.0,0.0,0.0,0.0,0.0
USC00301265,"CAYUGA LOCK NO 1","CAYUGA",380,-76.73,42.95,0.0,0.0,0.0,0.0,0.0,0.0,0.0,0.0,0.0,0.0,M,M,M,0.0,0.0,0.0,0.0,0.0,0.0,0.0,0.0,0.0,0.0,0.0,0.0,0.0,0.0,0.0,0.0,0.0,0.0
US1NYMD0010,"CAZENOVIA 2.9 SE","MADISON",1463,-75.81,42.90,M,M,M,0.0,0.0,M,M,M,M,M,M,M,M,M,M,M,M,M,M,M,M,M,M,M,M,M,M,M,M,M,M
US1NYSF0084,"CENTEREACH 1.3 NE","SUFFOLK",102,-73.07,40.89,0.0,M,0.0,0.0,0.0,0.0,M,M,0.0,0.0,0.0,M,0.0,M,M,0.0,0.0,0.0,0.0,M,0.0,0.0,M,M,M,M,M,0.0,0.0,0.0,0.0
USC00301309,"CENTERPORT","SUFFOLK",30,-73.37,40.88,0.0,0.0,0.0,0.0,0.0,0.0,0.0,0.0,0.0,0.0,0.0,0.0,0.0,0.0,0.0,0.0,0.0,0.0,0.0,0.0,0.0,0.0,0.0,0.0,0.0,0.0,0.0,0.0,0.0,0.0,0.0
US1NYSF0061,"CENTERPORT 0.9 SW","SUFFOLK",176,-73.38,40.89,M,M,M,M,0.0,0.0,M,M,M,M,M,M,M,M,M,M,M,M,M,M,0.0,M,M,M,M,M,0.0,0.0,0.0,0.0,0.0
US1NYER0102,"CHEEKTOWAGA 2.7 NE","ERIE",703,-78.72,42.94,0.0,0.0,0.0,0.0,0.0,0.0,0.0,0.0,0.0,0.0,0.0,0.0,0.0,0.0,0.0,0.0,0.0,0.0,0.0,0.0,0.0,0.0,0.0,0.0,0.0,0.0,0.0,0.0,0.0,0.0,0.0
US1NYCM0024,"CHEMUNG 5.7 N","CHEMUNG",1069,-76.63,42.09,0.0,0.0,0.0,0.0,0.0,0.0,0.0,0.0,0.0,0.0,0.0,0.0,0.0,0.0,0.0,0.0,0.0,0.0,0.0,0.0,0.0,0.0,0.0,0.0,0.0,0.0,0.0,0.0,0.0,0.0,0.0
US1NYMD0016,"CHITTENANGO 2.1 ESE","MADISON",683,-75.83,43.03,M,M,M,0.0,0.0,M,M,M,M,M,M,0.0,M,M,M,M,0.0,M,0.0,0.0,M,0.0,0.0,M,M,M,M,M,M,0.0,0.0
US1NYER0051,"CLARENCE CENTER 0.9 N","ERIE",627,-78.63,43.02,M,M,0.0,0.0,M,0.0,0.0,M,0.0,0.0,M,M,M,M,M,M,M,0.0,M,0.0,M,0.0,M,M,M,M,M,M,M,M,0.0
US1NYER0123,"CLARENCE CENTER 5.2 WNW","ERIE",581,-78.72,43.05,M,M,0.0,M,0.0,0.0,0.0,M,M,0.0,M,0.0,M,M,M,M,M,0.0,0.0,0.0,M,M,M,M,M,0.0,M,M,M,0.0,0.0
US1NYOG0012,"CLAY 4.6 NW","ONONDAGA",380,-76.26,43.20,M,M,0.0,0.0,0.0,0.0,0.0,M,M,0.0,M,0.0,M,M,M,0.0,M,M,0.0,0.0,M,0.0,M,0.0,M,M,M,0.0,0.0,M,0.0
US1NYSR0029,"CLIFTON PARK 2.7 S","SARATOGA",289,-73.79,42.82,M,M,M,0.0,0.0,M,M,M,M,0.0,M,0.0,M,M,M,0.0,0.0,M,0.0,0.0,0.0,0.0,M,M,M,M,M,M,0.0,0.0,0.0
US1NYPT0004,"COLD SPRING 8.1 NE","PUTNAM",451,-73.84,41.50,M,M,M,M,0.0,0.0,M,M,M,0.0,M,M,M,M,M,0.0,M,M,0.0,0.0,M,M,M,M,M,0.0,0.0,M,0.0,0.0,0.0
USC00301625,"COLDEN 1W","ERIE",1535,-78.71,42.65,0.0,0.0,0.0,0.0,0.0,0.0,0.0,0.0,0.0,0.0,0.0,0.0,0.0,0.0,0.0,0.0,0.0,0.0,0.0,0.0,0.0,0.0,0.0,0.0,0.0,0.0,0.0,0.0,0.0,0.0,0.0
US1NYER0077,"COLDEN 2.4 ENE","ERIE",1650,-78.61,42.65,0.0,0.0,0.0,0.0,0.0,0.0,0.0,0.0,0.0,0.0,M,M,M,0.0,0.0,0.0,0.0,0.0,0.0,0.0,0.0,0.0,0.0,0.0,0.0,0.0,0.0,0.0,0.0,0.0,0.0
US1NYSF0109,"COMMACK 0.8 SSW","SUFFOLK",122,-73.29,40.83,0.0,M,M,M,0.0,0.0,M,M,0.0,M,0.0,M,M,M,M,0.0,0.0,0.0,M,M,0.0,0.0,M,M,M,M,0.0,0.0,0.0,0.0,0.0
US1NYSF0078,"COMMACK 1.3 SW","SUFFOLK",158,-73.30,40.83,M,M,0.0,M,M,0.0,M,M,0.0,0.0,0.0,M,M,M,M,M,M,M,M,M,M,M,M,M,M,M,M,M,M,M,M
USC00301708,"CONKLINGVILLE DAM","SARATOGA",808,-73.93,43.32,M,0.0,0.0,0.0,M,0.0,0.0,0.0,0.0,M,0.0,0.0,0.0,0.0,0.0,0.0,M,0.0,0.0,0.0,0.0,0.0,0.0,M,0.0,0.0,0.0,0.0,0.0,0.0,0.0
US1NYLW0003,"CONSTABLEVILLE 1.2 NW","LEWIS",1646,-75.45,43.58,M,M,M,0.0,0.0,0.0,0.0,M,M,M,M,M,M,M,M,M,0.0,M,0.0,0.0,M,0.0,0.0,0.0,M,M,M,M,0.0,0.0,0.0
USC00301752,"COOPERSTOWN","OTSEGO",1257,-74.93,42.72,0.0,0.0,0.0,0.0,0.0,0.0,0.0,0.0,0.0,0.0,M,0.0,0.0,0.0,0.0,0.0,0.0,0.0,0.0,0.0,0.0,0.0,0.0,0.0,M,0.0,0.0,0.0,0.0,0.0,0.0
US1NYOT0002,"COOPERSTOWN 0.3 S","OTSEGO",1230,-74.93,42.70,M,M,M,0.0,0.0,0.0,M,M,M,0.0,M,0.0,M,M,M,M,M,M,0.0,0.0,0.0,0.0,M,M,M,M,M,M,0.0,0.0,0.0
US1NYST0030,"CORNING 0.7 NNW","STEUBEN",939,-77.06,42.16,M,M,0.0,0.0,0.0,0.0,0.0,M,M,0.0,M,0.0,M,M,M,M,0.0,M,0.0,0.0,M,0.0,M,M,M,M,0.0,M,0.0,0.0,0.0
US1NYLW0010,"CROGHAN 6.2 N","LEWIS",1040,-75.37,43.98,0.0,0.0,0.0,0.0,0.0,0.0,0.0,0.0,0.0,0.0,0.0,0.0,0.0,M,M,M,0.0,0.0,0.0,0.0,0.0,M,0.0,0.0,M,0.0,0.0,0.0,0.0,0.0,0.0
USC00301974,"DANSVILLE","LIVINGSTON",660,-77.72,42.56,0.0,0.0,0.0,0.0,0.0,0.0,0.0,0.0,0.0,0.0,0.0,0.0,0.0,0.0,0.0,0.0,0.0,0.0,0.0,0.0,0.0,0.0,0.0,0.0,0.0,0.0,0.0,0.0,0.0,0.0,0.0
US1NYLV0005,"DANSVILLE 1.0 ENE","LIVINGSTON",1505,-77.68,42.57,M,M,0.0,0.0,0.0,0.0,0.0,M,M,0.0,M,M,M,M,0.0,M,0.0,0.0,0.0,0.0,M,0.0,M,M,M,M,M,M,M,M,M
US1NYOG0002,"DE WITT 1.4 WSW","ONONDAGA",630,-76.10,43.03,M,M,0.0,0.0,0.0,M,0.0,M,M,0.0,M,0.0,M,M,M,M,0.0,0.0,0.0,0.0,M,0.0,0.0,M,M,M,M,M,0.0,0.0,0.0
US1NYDL0031,"DELANCEY 0.9 SE","DELAWARE",1527,-74.96,42.20,M,M,M,0.0,0.0,0.0,M,0.0,M,0.0,0.0,M,M,M,M,0.0,0.0,M,0.0,0.0,M,M,M,M,M,M,M,M,M,M,M
USC00302031,"DELANSON 2NE","SCHENECTADY",984,-74.17,42.77,M,M,M,M,M,0.0,0.0,0.0,0.0,M,M,0.0,0.0,0.0,0.0,0.0,0.0,0.0,0.0,0.0,0.0,0.0,0.0,0.0,0.0,0.0,0.0,M,0.0,0.0,0.0
US1NYDL0005,"DELHI 1.5 NNE","DELAWARE",1516,-74.90,42.30,M,M,M,0.0,0.0,0.0,M,0.0,M,0.0,M,M,M,M,M,M,0.0,M,0.0,0.0,M,0.0,M,M,M,M,M,M,0.0,0.0,0.0
USC00302036,"DELHI 2 SE","DELAWARE",1460,-74.90,42.25,M,M,0.0,M,0.0,0.0,0.0,0.0,0.0,0.0,0.0,M,0.0,0.0,0.0,0.0,M,M,M,0.0,0.0,0.0,0.0,0.0,0.0,0.0,M,M,M,M,M
US1NYER0079,"DEPEW 0.1 S","ERIE",678,-78.70,42.91,M,M,0.0,0.0,0.0,0.0,0.0,M,0.0,0.0,0.0,M,M,M,M,M,M,0.0,0.0,0.0,M,0.0,M,M,M,0.0,M,M,0.0,0.0,0.0
US1NYER0120,"DERBY 1.7 NNE","ERIE",651,-78.96,42.70,M,M,0.0,0.0,0.0,0.0,0.0,M,0.0,0.0,M,0.0,M,M,0.0,0.0,M,0.0,0.0,0.0,M,0.0,0.0,M,M,0.0,M,M,0.0,0.0,0.0
US1NYHR0012,"DOLGEVILLE 1.9 NW","HERKIMER",1026,-74.80,43.12,M,M,M,0.0,0.0,0.0,M,M,M,0.0,M,M,M,M,M,M,0.0,M,0.0,0.0,M,0.0,M,M,M,M,M,M,0.0,0.0,0.0
USC00302169,"DOWNSVILLE DAM","DELAWARE",1200,-74.98,42.08,M,M,M,M,0.0,M,M,M,M,M,M,M,M,M,M,M,M,M,M,M,M,M,M,M,M,M,M,M,M,M,M
US1NYCY0005,"DUCK LAKE","CAYUGA",401,-76.69,43.14,M,M,M,0.0,0.0,0.0,0.0,M,0.0,0.0,M,0.0,M,M,M,M,M,M,0.0,0.0,M,0.0,0.0,M,M,M,0.0,M,0.0,0.0,0.0
US1NYYT0006,"DUNDEE 3.3 ESE","YATES",517,-76.92,42.51,0.0,0.0,0.0,0.0,0.0,0.0,0.0,0.0,0.0,0.0,0.0,0.0,0.0,0.0,0.0,0.0,0.0,0.0,0.0,0.0,0.0,0.0,0.0,0.0,0.0,0.0,0.0,0.0,0.0,0.0,0.0
US1NYSY0012,"DUNDEE 5.7 ESE","SCHUYLER",922,-76.87,42.50,M,M,M,M,0.0,0.0,0.0,M,M,0.0,M,0.0,M,M,M,M,0.0,M,M,0.0,M,M,M,M,M,M,M,M,M,0.0,0.0
US1NYSY0011,"DUNDEE 6.2 E","SCHUYLER",1089,-76.86,42.52,M,M,M,M,0.0,0.0,0.0,M,M,M,M,0.0,M,M,M,0.0,0.0,M,0.0,M,M,M,M,M,M,M,M,M,0.0,0.0,0.0
USC00302197,"DUNKIRK","CHAUTAUQUA",631,-79.33,42.47,0.0,0.0,0.0,0.0,0.0,0.0,0.0,0.0,0.0,0.0,0.0,0.0,0.0,0.0,0.0,0.0,0.0,0.0,0.0,0.0,0.0,0.0,0.0,0.0,0.0,0.0,0.0,0.0,0.0,0.0,0.0
US1NYOD0023,"DURHAMVILLE 3.5 NNW","ONEIDA",394,-75.68,43.17,0.0,0.0,0.0,0.0,0.0,0.0,0.0,0.0,0.0,0.0,0.0,0.0,0.0,0.0,0.0,0.0,0.0,0.0,0.0,0.0,0.0,0.0,0.0,0.0,0.0,0.0,0.0,0.0,0.0,0.0,0.0
US1NYMD0009,"EARLVILLE 0.4 W","MADISON",1080,-75.55,42.74,M,M,M,0.0,0.0,0.0,M,M,M,0.0,M,0.0,M,M,M,M,0.0,M,0.0,0.0,M,M,M,M,M,M,M,M,0.0,0.0,0.0
US1NYMD0011,"EARLVILLE 1.6 NNW","MADISON",1091,-75.56,42.76,M,M,M,0.0,0.0,0.0,M,M,M,M,M,0.0,M,M,M,M,0.0,M,0.0,0.0,M,0.0,M,M,M,M,M,M,0.0,M,M
US1NYER0054,"EAST AMHERST 1.2 WNW","ERIE",584,-78.72,43.02,M,M,0.0,0.0,0.0,0.0,M,M,M,0.0,M,0.0,M,M,M,0.0,M,0.0,0.0,0.0,M,0.0,M,M,M,M,M,M,0.0,0.0,0.0
US1NYER0050,"EAST AURORA 0.1 ENE","ERIE",919,-78.62,42.77,M,M,0.0,0.0,0.0,0.0,0.0,M,M,0.0,M,M,M,M,0.0,0.0,M,0.0,0.0,0.0,M,0.0,0.0,M,M,M,M,M,0.0,0.0,M
US1NYTM0018,"EAST ITHACA 4.7 E","TOMPKINS",1161,-76.37,42.42,M,M,M,0.0,0.0,0.0,0.0,M,0.0,0.0,M,0.0,M,M,M,0.0,0.0,M,0.0,0.0,M,0.0,M,M,M,M,M,M,0.0,0.0,0.0
USC00302366,"EAST JEWETT","GREENE",1991,-74.14,42.24,0.0,0.0,0.0,0.0,0.0,0.0,0.0,0.0,0.0,0.0,0.0,0.0,0.0,0.0,0.0,0.0,M,M,M,M,M,M,M,M,0.0,0.0,0.0,0.0,0.0,0.0,0.0
US1NYSF0019,"EAST MORICHES 0.6 WNW","SUFFOLK",42,-72.77,40.81,0.0,0.0,0.0,0.0,0.0,0.0,M,M,0.0,0.0,M,0.0,M,M,M,0.0,0.0,M,0.0,0.0,0.0,0.0,M,M,M,0.0,0.0,0.0,M,0.0,0.0
USC00302554,"ELIZABETHTOWN","ESSEX",611,-73.60,44.21,0.0,0.0,0.0,0.0,0.0,0.0,0.0,0.0,0.0,0.0,0.0,0.0,0.0,0.0,0.0,0.0,0.0,0.0,0.0,0.0,0.0,0.0,0.0,0.0,0.0,0.0,0.0,0.0,0.0,0.0,0.0
USC00302574,"ELLENBURG DEPOT","CLINTON",950,-73.82,44.91,0.0,0.0,0.0,0.0,0.0,0.0,0.0,0.0,0.0,0.0,0.0,0.0,0.0,0.0,0.0,0.0,0.0,0.0,0.0,0.0,0.0,0.0,0.0,0.0,0.0,0.0,0.0,0.0,0.0,0.0,0.0
US1NYER0096,"ELMA 2.7 WSW","ERIE",835,-78.68,42.81,M,M,0.0,0.0,0.0,0.0,0.0,M,M,0.0,M,M,M,M,0.0,0.0,M,0.0,0.0,M,M,0.0,M,0.0,M,M,M,0.0,0.0,0.0,0.0
US1NYER0075,"ELMA CENTER 0.7 SE","ERIE",872,-78.62,42.82,M,M,0.0,0.0,0.0,0.0,0.0,M,M,0.0,M,M,M,M,0.0,M,M,0.0,0.0,0.0,M,0.0,M,0.0,M,M,M,0.0,0.0,0.0,0.0
USC00302610,"ELMIRA","CHEMUNG",947,-76.84,42.10,0.0,0.0,M,M,0.0,0.0,0.0,M,0.0,0.0,0.0,0.0,0.0,M,0.0,0.0,0.0,0.0,0.0,0.0,0.0,0.0,0.0,0.0,0.0,0.0,0.0,0.0,0.0,0.0,0.0
US1NYCM0013,"ELMIRA 0.7 WNW","CHEMUNG",884,-76.82,42.10,0.0,M,0.0,0.0,0.0,0.0,0.0,M,M,0.0,M,0.0,M,M,M,0.0,M,M,0.0,0.0,M,0.0,M,0.0,M,M,0.0,M,0.0,0.0,0.0
US1NYCM0021,"ELMIRA 1.2 WNW","CHEMUNG",932,-76.83,42.10,0.0,0.0,0.0,0.0,0.0,0.0,0.0,0.0,0.0,0.0,0.0,0.0,0.0,0.0,0.0,0.0,0.0,0.0,0.0,0.0,0.0,0.0,0.0,0.0,0.0,0.0,0.0,0.0,0.0,0.0,0.0
US1NYCM0003,"ELMIRA 1.3 ESE","CHEMUNG",840,-76.79,42.08,0.0,M,0.0,0.0,0.0,0.0,0.0,M,M,0.0,M,0.0,0.0,M,M,0.0,0.0,M,0.0,0.0,M,0.0,0.0,M,M,M,0.0,M,M,0.0,0.0
US1NYCM0006,"ELMIRA 3.2 E","CHEMUNG",1120,-76.75,42.09,0.0,M,0.0,0.0,0.0,0.0,0.0,M,0.0,0.0,M,0.0,M,M,M,0.0,0.0,M,0.0,0.0,M,0.0,M,0.0,0.0,0.0,0.0,M,0.0,0.0,0.0
USC00305113,"EMMONS","OTSEGO",1225,-75.01,42.47,0.0,0.0,0.0,0.0,0.0,0.0,0.0,0.0,0.0,0.0,0.0,0.0,0.0,0.0,0.0,0.0,0.0,0.0,0.0,0.0,0.0,0.0,0.0,0.0,0.0,0.0,0.0,M,M,M,M
US1NYBM0004,"ENDICOTT 5.2 SSE","BROOME",1040,-76.02,42.03,M,M,M,0.0,0.0,0.0,M,M,M,0.0,M,0.0,M,M,M,0.0,0.0,M,0.0,0.0,M,0.0,M,M,M,M,0.0,M,0.0,0.0,0.0
US1NYJF0008,"FELTS MILLS 0.1 NNW","JEFFERSON",620,-75.77,44.02,M,M,M,M,0.0,0.0,0.0,M,M,0.0,M,0.0,M,M,M,M,M,M,M,M,M,0.0,0.0,M,M,M,M,M,0.0,0.0,0.0
US1NYDT0016,"FISHKILL 1.2 NE","DUTCHESS",349,-73.88,41.55,M,M,M,0.0,0.0,0.0,M,M,M,M,M,M,M,M,M,0.0,M,M,M,M,M,M,M,M,M,M,M,M,0.0,0.0,0.0
US1NYNS0007,"FLORAL PARK 0.4 W","NASSAU",79,-73.71,40.72,0.0,M,M,M,0.0,0.0,M,M,M,0.0,M,M,M,M,M,M,0.0,0.0,0.0,0.0,M,0.0,M,M,M,M,0.0,M,M,M,0.0
US1NYNS0022,"FLORAL PARK 0.7 ESE","NASSAU",86,-73.69,40.72,0.0,M,0.0,M,0.0,0.0,M,M,M,0.0,0.0,M,0.0,M,M,0.0,0.0,0.0,0.0,M,0.0,M,M,M,M,M,M,M,M,M,M
US1NYMG0002,"FONDA 5.2 W","MONTGOMERY",956,-74.48,42.96,M,M,0.0,0.0,0.0,0.0,0.0,M,M,0.0,M,0.0,M,M,M,0.0,0.0,M,M,0.0,M,0.0,M,M,M,M,M,M,0.0,0.0,0.0
US1NYMG0001,"FORT PLAIN 0.2 SE","MONTGOMERY",309,-74.63,42.93,M,M,M,0.0,0.0,0.0,0.0,M,M,0.0,M,0.0,M,M,M,0.0,0.0,M,0.0,0.0,0.0,0.0,M,M,M,M,M,M,M,0.0,0.0
USC00303025,"FRANKLINVILLE","CATTARAUGUS",1589,-78.46,42.33,0.0,0.0,0.0,0.0,0.0,0.0,0.0,0.0,0.0,0.0,0.0,0.0,0.0,0.0,0.0,0.0,0.0,0.0,0.0,0.0,0.0,0.0,0.0,0.0,0.0,0.0,0.0,0.0,0.0,0.0,0.0
US1NYCT0022,"FRANKLINVILLE 0.5 NNE","CATTARAUGUS",1603,-78.45,42.34,M,M,0.0,M,M,M,0.0,M,M,M,M,M,M,M,M,M,M,M,M,M,M,M,M,M,M,M,M,M,M,M,M
US1NYCQ0022,"FREDONIA 0.8 WNW","CHAUTAUQUA",680,-79.35,42.44,M,M,0.0,0.0,0.0,0.0,0.0,M,M,M,M,M,M,M,0.0,0.0,M,M,0.0,0.0,0.0,0.0,0.0,M,M,M,M,M,0.0,M,M
USC00303050,"FREEVILLE 1 NE","TOMPKINS",1050,-76.33,42.52,0.0,0.0,0.0,0.0,0.0,0.0,0.0,0.0,0.0,0.0,0.0,0.0,0.0,0.0,0.0,0.0,0.0,0.0,0.0,0.0,0.0,0.0,0.0,0.0,0.0,0.0,0.0,0.0,0.0,0.0,0.0
US1NYTM0005,"FREEVILLE 1.5 NE","TOMPKINS",1073,-76.32,42.53,0.0,0.0,0.0,0.0,0.0,0.0,0.0,0.0,0.0,0.0,0.0,0.0,0.0,0.0,0.0,0.0,0.0,0.0,0.0,0.0,0.0,0.0,0.0,0.0,0.0,0.0,0.0,0.0,0.0,0.0,0.0
US1NYTM0023,"FREEVILLE 3.7 W","TOMPKINS",1155,-76.42,42.50,0.0,0.0,0.0,0.0,0.0,0.0,0.0,0.0,0.0,0.0,0.0,0.0,0.0,0.0,0.0,0.0,0.0,0.0,0.0,0.0,0.0,0.0,0.0,0.0,0.0,0.0,0.0,0.0,0.0,0.0,0.0
US1NYCQ0021,"FREWSBURG 3.4 SSE","CHAUTAUQUA",1446,-79.12,42.02,M,M,M,M,M,M,0.0,M,M,0.0,M,M,M,M,0.0,0.0,M,M,M,M,M,M,M,M,M,M,M,M,0.0,0.0,0.0
USC00303087,"FULTON","OSWEGO",360,-76.39,43.30,0.0,0.0,0.0,0.0,0.0,0.0,0.0,0.0,0.0,0.0,0.0,0.0,0.0,0.0,0.0,0.0,0.0,0.0,0.0,0.0,0.0,0.0,0.0,0.0,0.0,0.0,0.0,0.0,0.0,0.0,0.0
US1NYOS0020,"FULTON 0.2 W","OSWEGO",397,-76.42,43.32,M,M,0.0,0.0,0.0,0.0,0.0,M,M,0.0,M,0.0,M,M,M,M,M,M,0.0,0.0,M,0.0,0.0,M,M,M,M,M,0.0,0.0,0.0
US1NYSR0006,"GANSEVOORT 1.3 WNW","SARATOGA",296,-73.68,43.20,0.0,0.0,0.0,0.0,0.0,0.0,0.0,0.0,0.0,0.0,0.0,0.0,0.0,M,0.0,0.0,0.0,0.0,0.0,0.0,0.0,0.0,0.0,0.0,0.0,0.0,0.0,0.0,0.0,0.0,0.0
USC00303184,"GENEVA RESEARCH FARM","ONTARIO",718,-77.03,42.88,0.0,0.0,0.0,0.0,0.0,0.0,0.0,0.0,0.0,0.0,0.0,0.0,0.0,0.0,0.0,0.0,0.0,0.0,0.0,0.0,0.0,0.0,0.0,0.0,0.0,0.0,0.0,0.0,0.0,0.0,0.0
USC00303250,"GLENFIELD 1W","LEWIS",1080,-75.43,43.71,0.0,0.0,0.0,0.0,0.0,0.0,0.0,0.0,0.0,0.0,0.0,0.0,0.0,0.0,0.0,0.0,0.0,0.0,0.0,0.0,0.0,0.0,0.0,0.0,0.0,0.0,0.0,0.0,0.0,0.0,0.0
US1NYAB0032,"GLENMONT 2.5 SW","ALBANY",179,-73.80,42.58,M,M,M,0.0,0.0,0.0,0.0,M,M,0.0,M,0.0,M,M,M,0.0,0.0,M,0.0,0.0,0.0,0.0,M,M,M,M,0.0,0.0,0.0,0.0,0.0
US1NYWR0003,"GLENS FALLS 4.0 W","WARREN",470,-73.73,43.31,M,M,0.0,0.0,0.0,0.0,M,M,M,M,M,M,M,M,M,M,M,M,0.0,0.0,M,M,M,M,M,M,M,M,M,M,M
USW00014750,"GLENS FALLS AP","WARREN",321,-73.62,43.35,M,M,0.0,M,0.0,M,M,M,M,M,M,M,M,M,M,M,M,M,M,M,M,M,M,M,M,M,M,M,M,M,M
USC00303322,"GLOVERSVILLE 7NW   (PECK LAKE)","FULTON",1455,-74.42,43.12,0.0,0.0,0.0,0.0,0.0,0.0,0.0,0.0,0.0,0.0,0.0,0.0,0.0,0.0,0.0,0.0,0.0,0.0,0.0,0.0,0.0,0.0,0.0,0.0,0.0,0.0,0.0,0.0,0.0,0.0,0.0
USC00303346,"GOUVERNEUR 3 NW","ST. LAWRENCE",420,-75.51,44.35,0.0,0.0,0.0,0.0,0.0,0.0,0.0,0.0,0.0,0.0,0.0,0.0,0.0,0.0,0.0,0.0,0.0,0.0,0.0,0.0,0.0,0.0,0.0,0.0,0.0,0.0,0.0,0.0,0.0,0.0,M
USC00303444,"GREENE","CHENANGO",920,-75.77,42.32,0.0,0.0,0.0,0.0,0.0,0.0,0.0,0.0,0.0,0.0,0.0,0.0,0.0,0.0,0.0,0.0,0.0,0.0,M,0.0,0.0,0.0,0.0,0.0,0.0,0.0,0.0,0.0,0.0,0.0,0.0
US1NYSR0022,"GREENFIELD CENTER 1.6 W","SARATOGA",603,-73.88,43.13,M,M,M,0.0,0.0,M,M,M,M,M,M,0.0,M,M,M,M,0.0,M,0.0,0.0,0.0,0.0,M,M,M,M,M,M,0.0,M,0.0
US1NYGR0007,"GREENVILLE 0.7 E","GREENE",816,-74.01,42.41,M,M,0.0,0.0,0.0,0.0,M,M,M,0.0,M,0.0,M,M,M,0.0,0.0,M,M,0.0,0.0,0.0,M,M,M,0.0,0.0,M,0.0,0.0,0.0
US1NYTM0004,"GROTON 0.5 NW","TOMPKINS",1034,-76.37,42.59,0.0,0.0,0.0,0.0,0.0,0.0,0.0,0.0,0.0,0.0,0.0,0.0,0.0,0.0,0.0,0.0,0.0,0.0,0.0,0.0,0.0,0.0,0.0,0.0,0.0,0.0,0.0,0.0,0.0,0.0,0.0
US1NYER0039,"HAMBURG 0.4 WSW","ERIE",792,-78.84,42.72,M,M,0.0,0.0,0.0,0.0,0.0,M,M,0.0,M,M,M,M,M,0.0,M,0.0,0.0,0.0,M,0.0,M,M,M,M,M,M,M,M,M
US1NYER0078,"HAMBURG 0.6 S","ERIE",816,-78.83,42.71,M,M,M,0.0,0.0,0.0,0.0,M,0.0,0.0,M,0.0,M,M,0.0,0.0,M,0.0,0.0,0.0,M,M,M,M,M,0.0,M,0.0,M,M,M
US1NYSL0006,"HANNAWA FALLS 0.1 SW","ST. LAWRENCE",561,-74.97,44.61,0.0,0.0,0.0,0.0,0.0,0.0,0.0,0.0,0.0,0.0,0.0,0.0,0.0,0.0,0.0,0.0,0.0,0.0,0.0,0.0,0.0,0.0,0.0,0.0,0.0,0.0,0.0,0.0,0.0,0.0,0.0
US1NYOT0011,"HARTWICK","OTSEGO",1335,-75.05,42.66,M,M,M,0.0,0.0,0.0,M,M,M,0.0,M,M,M,M,M,0.0,0.0,M,0.0,0.0,0.0,0.0,M,M,M,M,M,M,M,0.0,0.0
US1NYMG0003,"HESSVILLE 1.8 WSW","MONTGOMERY",1050,-74.72,42.86,M,M,M,0.0,0.0,0.0,M,M,M,0.0,M,0.0,M,M,M,M,0.0,0.0,0.0,0.0,0.0,0.0,0.0,M,M,0.0,M,0.0,0.0,0.0,0.0
US1NYNS0018,"HICKSVILLE 1.3 ENE","NASSAU",150,-73.50,40.77,0.0,M,0.0,M,0.0,0.0,M,M,M,0.0,M,M,M,M,M,M,M,M,0.0,0.0,0.0,M,M,M,M,M,M,M,M,M,0.0
USC00303851,"HIGHMARKET","LEWIS",1763,-75.52,43.58,0.0,0.0,0.0,0.0,0.0,0.0,0.0,0.0,0.0,0.0,0.0,0.0,0.0,0.0,0.0,0.0,0.0,0.0,0.0,0.0,0.0,0.0,0.0,0.0,0.0,0.0,0.0,0.0,0.0,0.0,0.0
US1NYCB0009,"HILLSDALE 5.8 S","COLUMBIA",1237,-73.54,42.26,M,M,M,M,M,M,M,M,M,M,M,M,M,M,M,M,M,M,M,M,M,M,M,M,M,M,0.0,M,M,M,M
US1NYDL0025,"HOBART 4.8 ESE","DELAWARE",2220,-74.58,42.35,M,M,M,0.0,0.0,0.0,M,M,M,0.0,M,M,M,M,M,M,0.0,M,0.0,0.0,M,0.0,M,M,M,M,M,M,0.0,0.0,0.0
US1NYOD0043,"HOLLAND PATENT 1.1 WNW","ONEIDA",779,-75.28,43.25,M,0.0,M,M,M,M,M,M,M,M,M,M,M,M,M,M,0.0,M,M,M,M,M,M,M,M,M,M,M,M,M,M
US1NYOD0007,"HOLLAND PATENT 1.5 WSW","ONEIDA",590,-75.29,43.24,M,M,M,0.0,0.0,M,M,M,M,0.0,M,M,M,M,M,M,0.0,M,0.0,0.0,M,0.0,M,M,M,M,0.0,M,0.0,0.0,0.0
US1NYSF0058,"HOLTSVILLE 0.3 N","SUFFOLK",113,-73.05,40.82,0.0,M,0.0,0.0,0.0,0.0,M,M,0.0,0.0,0.0,M,M,M,M,0.0,0.0,0.0,0.0,M,0.0,0.0,M,M,M,0.0,0.0,M,M,0.0,0.0
USC00303955,"HONEOYE","ONTARIO",800,-77.51,42.79,0.0,0.0,0.0,0.0,0.0,0.0,0.0,0.0,0.0,0.0,0.0,0.0,0.0,0.0,0.0,0.0,0.0,0.0,0.0,0.0,0.0,0.0,0.0,0.0,0.0,0.0,0.0,0.0,0.0,0.0,0.0
USC00303961,"HOOKER 12 NNW","LEWIS",1478,-75.72,43.85,0.0,0.0,0.0,0.0,0.0,0.0,0.0,0.0,0.0,0.0,0.0,0.0,0.0,0.0,0.0,0.0,0.0,0.0,0.0,0.0,0.0,0.0,0.0,0.0,0.0,0.0,0.0,0.0,0.0,0.0,0.0
US1NYDT0004,"HOPEWELL JUNCTION 2.4 SSE","DUTCHESS",279,-73.79,41.55,M,M,M,0.0,0.0,0.0,M,M,M,0.0,M,M,M,M,M,0.0,0.0,0.0,0.0,0.0,M,0.0,M,M,M,0.0,0.0,M,0.0,0.0,0.0
USC00303983,"HORNELL ALMOND DAM","STEUBEN",1325,-77.70,42.35,M,0.0,0.0,0.0,0.0,0.0,0.0,0.0,0.0,0.0,0.0,0.0,0.0,0.0,M,M,0.0,0.0,0.0,0.0,0.0,0.0,0.0,0.0,0.0,0.0,0.0,0.0,M,M,0.0
US1NYCM0023,"HORSEHEADS 0.9 NNW","CHEMUNG",944,-76.83,42.18,0.0,M,M,0.0,0.0,0.0,0.0,M,M,M,M,M,M,M,M,M,0.0,M,M,0.0,M,0.0,M,M,M,M,0.0,M,0.0,0.0,0.0
US1NYCB0001,"HUDSON 8.2 S","COLUMBIA",298,-73.77,42.13,M,M,M,0.0,M,0.0,M,M,M,0.0,M,M,M,M,0.0,0.0,0.0,M,M,0.0,0.0,0.0,M,M,M,0.0,M,M,0.0,0.0,0.0
USC00304102,"INDIAN LAKE 2SW","HAMILTON",1660,-74.27,43.76,0.0,0.0,0.0,0.0,0.0,0.0,0.0,0.0,M,0.0,0.0,0.0,0.0,0.0,0.0,0.0,0.0,0.0,0.0,M,0.0,0.0,0.0,0.0,0.0,0.0,0.0,0.0,0.0,M,0.0
US1NYCT0025,"ISCHUA 0.4 SSE","CATTARAUGUS",1528,-78.40,42.24,M,M,M,0.0,0.0,M,0.0,M,M,0.0,M,M,M,M,M,M,M,0.0,0.0,0.0,M,0.0,M,M,M,M,0.0,M,0.0,0.0,0.0
US1NYSF0017,"ISLIP 0.2 NW","SUFFOLK",14,-73.22,40.74,0.0,0.0,0.0,0.0,0.0,0.0,M,M,0.0,0.0,0.0,M,M,M,M,0.0,0.0,0.0,0.0,0.0,0.0,0.0,M,M,M,0.0,0.0,0.0,M,0.0,0.0
US1NYSF0074,"ISLIP TERRACE 0.5 W","SUFFOLK",26,-73.20,40.75,0.0,M,0.0,0.0,0.0,0.0,M,M,0.0,0.0,0.0,M,M,M,M,M,0.0,0.0,0.0,0.0,0.0,0.0,M,M,M,0.0,0.0,0.0,M,0.0,0.0
USW00004781,"ISLIP-LI MACARTHUR AP","SUFFOLK",84,-73.10,40.79,0.0,0.0,0.0,0.0,0.0,0.0,0.0,0.0,0.0,0.0,0.0,0.0,0.0,0.0,0.0,0.0,0.0,0.0,0.0,0.0,0.0,0.0,0.0,0.0,0.0,0.0,0.0,0.0,0.0,0.0,0.0
US1NYTM0028,"ITHACA 2.2 NW","TOMPKINS",822,-76.54,42.47,M,M,M,M,M,0.0,M,M,M,M,M,M,M,M,M,M,M,M,0.0,0.0,M,M,M,M,M,M,M,M,M,M,M
US1NYTM0017,"ITHACA 2.6 NW","TOMPKINS",1001,-76.58,42.50,M,M,M,0.0,0.0,0.0,0.0,M,M,0.0,M,0.0,M,M,M,M,0.0,M,M,M,M,M,M,M,M,M,M,M,M,M,M
USC00304174,"ITHACA CORNELL UNIV","TOMPKINS",960,-76.45,42.45,0.0,0.0,0.0,0.0,0.0,0.0,0.0,0.0,0.0,0.0,0.0,0.0,0.0,0.0,0.0,0.0,0.0,0.0,0.0,0.0,0.0,0.0,0.0,0.0,0.0,0.0,0.0,0.0,0.0,0.0,0.0
US1NYSF0007,"JAMESPORT 0.6 SSW","SUFFOLK",20,-72.58,40.94,0.0,0.0,M,0.0,0.0,0.0,M,M,0.0,0.0,M,0.0,M,M,M,0.0,0.0,0.0,0.0,M,M,0.0,M,M,M,M,0.0,M,0.0,0.0,0.0
US1NYCQ0012,"JAMESTOWN 1.8 E","CHAUTAUQUA",1522,-79.20,42.10,M,M,M,0.0,0.0,0.0,0.0,M,M,0.0,M,M,M,M,M,M,M,0.0,M,M,M,0.0,M,M,M,M,M,0.0,0.0,0.0,0.0
USC00304207,"JAMESTOWN 4 ENE","CHAUTAUQUA",1250,-79.16,42.11,0.0,0.0,0.0,0.0,0.0,0.0,0.0,0.0,0.0,0.0,0.0,0.0,0.0,0.0,0.0,0.0,0.0,0.0,0.0,0.0,0.0,0.0,0.0,0.0,0.0,0.0,0.0,0.0,0.0,0.0,0.0
USW00094789,"JFK INTL AP","QUEENS",11,-73.76,40.64,0.0,0.0,0.0,0.0,0.0,0.0,0.0,0.0,0.0,0.0,0.0,0.0,0.0,0.0,0.0,0.0,0.0,0.0,0.0,0.0,0.0,0.0,0.0,0.0,0.0,0.0,0.0,0.0,0.0,0.0,0.0
US1NYES0009,"KEENE VALLEY 2.5 NE","ESSEX",1965,-73.75,44.22,M,M,M,0.0,0.0,0.0,0.0,M,M,M,M,0.0,M,M,M,0.0,M,M,0.0,0.0,0.0,0.0,0.0,M,M,M,M,M,0.0,0.0,0.0
US1NYES0007,"KEESEVILLE 0.8 SE","ESSEX",528,-73.47,44.49,M,M,M,0.0,0.0,0.0,0.0,M,M,0.0,M,0.0,M,M,M,M,M,M,M,M,0.0,M,M,M,M,M,M,M,0.0,0.0,0.0
US1NYER0059,"KENMORE 0.3 ESE","ERIE",612,-78.87,42.96,0.0,0.0,0.0,0.0,0.0,0.0,0.0,0.0,0.0,0.0,0.0,0.0,0.0,0.0,0.0,0.0,0.0,0.0,0.0,0.0,0.0,0.0,0.0,0.0,0.0,0.0,0.0,0.0,0.0,0.0,0.0
US1NYER0057,"KENMORE 0.8 NW","ERIE",607,-78.88,42.97,M,M,0.0,0.0,0.0,0.0,0.0,M,0.0,0.0,M,M,M,M,M,0.0,M,0.0,0.0,0.0,M,0.0,M,M,M,0.0,M,M,M,M,M
US1NYUL0001,"KINGSTON 1.1 W","ULSTER",190,-74.02,41.93,M,M,M,0.0,0.0,0.0,M,M,M,0.0,M,M,M,M,M,0.0,0.0,M,M,0.0,M,0.0,M,M,M,M,0.0,M,0.0,0.0,0.0
USW00014732,"LA GUARDIA AP","QUEENS",11,-73.88,40.78,0.0,0.0,0.0,0.0,0.0,0.0,0.0,0.0,0.0,0.0,0.0,0.0,0.0,0.0,0.0,0.0,0.0,0.0,0.0,0.0,0.0,0.0,0.0,0.0,0.0,0.0,0.0,0.0,0.0,0.0,0.0
US1NYOS0001,"LACONA 3.6 SSE","OSWEGO",628,-76.04,43.60,M,M,M,0.0,0.0,0.0,0.0,M,M,0.0,M,0.0,M,M,M,0.0,M,M,0.0,0.0,M,0.0,0.0,M,M,M,0.0,M,0.0,0.0,0.0
US1NYDT0012,"LAGRANGEVILLE 3.4 NE","DUTCHESS",648,-73.72,41.68,0.0,0.0,0.0,0.0,0.0,0.0,0.0,0.0,0.0,0.0,0.0,0.0,0.0,0.0,0.0,0.0,0.0,0.0,0.0,0.0,0.0,0.0,0.0,0.0,0.0,0.0,0.0,0.0,0.0,0.0,0.0
US1NYSF0063,"LAKE GROVE 1.2 SSW","SUFFOLK",104,-73.12,40.84,0.0,M,0.0,M,0.0,0.0,M,M,0.0,0.0,0.0,M,M,M,M,M,0.0,0.0,0.0,0.0,0.0,0.0,M,M,M,0.0,0.0,0.0,M,0.0,0.0
USC00304537,"LAKE LUZERNE","WARREN",610,-73.83,43.26,0.0,0.0,0.0,0.0,0.0,0.0,0.0,0.0,0.0,0.0,0.0,0.0,0.0,0.0,0.0,0.0,0.0,0.0,0.0,0.0,0.0,0.0,0.0,M,M,0.0,0.0,0.0,0.0,0.0,0.0
US1NYES0001,"LAKE PLACID 1.5 N","ESSEX",1898,-73.99,44.30,M,M,0.0,M,0.0,0.0,0.0,M,M,0.0,M,M,M,M,M,M,M,M,0.0,0.0,0.0,0.0,0.0,M,M,M,M,M,0.0,0.0,0.0
USC00304564,"LAKEVILLE 1W","ERIE",676,-78.95,42.71,0.0,0.0,0.0,0.0,0.0,0.0,0.0,0.0,0.0,0.0,0.0,0.0,0.0,0.0,0.0,0.0,0.0,0.0,0.0,0.0,0.0,0.0,0.0,0.0,0.0,0.0,0.0,0.0,0.0,0.0,0.0
US1NYTM0002,"LANSING 6.6 NW","TOMPKINS",850,-76.57,42.57,M,M,M,M,0.0,0.0,0.0,0.0,M,M,M,M,M,M,M,M,0.0,M,M,0.0,M,M,0.0,M,M,M,M,M,M,M,M
USC00304575,"LANSING MANOR","SCHOHARIE",1100,-74.47,42.45,M,M,0.0,M,0.0,M,M,M,M,0.0,0.0,0.0,0.0,0.0,M,0.0,0.0,0.0,0.0,0.0,0.0,0.0,M,0.0,M,M,0.0,M,0.0,M,0.0
US1NYOT0025,"LAURENS 5.5 W","OTSEGO",1704,-75.20,42.52,M,M,M,0.0,0.0,0.0,M,M,M,0.0,M,0.0,M,M,M,M,0.0,M,0.0,0.0,M,0.0,M,M,M,M,M,M,0.0,0.0,0.0
USC00304808,"LITTLE VALLEY","CATTARAUGUS",1625,-78.81,42.25,0.0,0.0,0.0,0.0,0.0,T,0.0,0.0,0.0,0.0,0.0,0.0,0.0,0.0,0.0,0.0,0.0,0.0,0.0,0.0,0.0,0.0,0.0,0.0,0.0,0.0,0.0,0.0,0.0,0.0,0.0
US1NYCB0008,"LIVINGSTON 0.7 SSW","COLUMBIA",242,-73.79,42.13,M,M,M,M,M,M,M,M,M,0.0,M,0.0,M,M,M,0.0,0.0,M,M,0.0,0.0,0.0,M,M,M,0.0,M,M,0.0,0.0,0.0
US1NYNG0012,"LOCKPORT 0.8 NE","NIAGARA",521,-78.68,43.18,M,M,M,0.0,0.0,0.0,0.0,M,0.0,0.0,M,0.0,M,M,M,0.0,M,0.0,0.0,0.0,M,0.0,M,M,M,0.0,M,M,0.0,0.0,0.0
USC00304844,"LOCKPORT 4E","NIAGARA",610,-78.61,43.19,0.0,0.0,0.0,0.0,0.0,0.0,0.0,0.0,0.0,0.0,0.0,0.0,0.0,0.0,0.0,0.0,0.0,0.0,0.0,0.0,0.0,0.0,0.0,0.0,0.0,0.0,0.0,0.0,0.0,0.0,0.0
US1NYNS0032,"LOCUST VALLEY 0.3 E","NASSAU",102,-73.58,40.88,M,M,M,M,M,M,M,M,M,M,M,M,0.0,M,M,M,M,M,0.0,0.0,0.0,M,M,M,M,M,M,M,M,M,0.0
US1NYSV0006,"LONG EDDY","SULLIVAN",879,-75.13,41.85,M,M,0.0,M,M,M,M,M,M,M,M,M,M,M,M,M,0.0,M,M,M,M,M,M,M,M,M,0.0,0.0,0.0,M,0.0
US1NYDL0023,"LONG EDDY 6.5 NNE","DELAWARE",1746,-75.08,41.94,M,M,0.0,0.0,0.0,0.0,M,M,M,0.0,M,0.0,M,M,M,0.0,0.0,M,0.0,0.0,M,M,M,M,M,M,M,M,0.0,0.0,0.0
USC00304912,"LOWVILLE","LEWIS",863,-75.48,43.79,0.0,0.0,0.0,0.0,0.0,0.0,0.0,0.0,0.0,0.0,0.0,0.0,0.0,0.0,0.0,0.0,0.0,0.0,0.0,0.0,0.0,0.0,0.0,0.0,0.0,0.0,0.0,0.0,0.0,0.0,0.0
US1NYWN0018,"MACEDON 2.6 ESE","WAYNE",516,-77.26,43.05,0.0,0.0,0.0,0.0,0.0,0.0,0.0,0.0,0.0,0.0,0.0,0.0,0.0,0.0,0.0,0.0,0.0,0.0,0.0,0.0,0.0,0.0,0.0,0.0,0.0,0.0,0.0,0.0,0.0,M,M
USC00304996,"MALONE","FRANKLIN",880,-74.31,44.84,0.0,0.0,0.0,0.0,0.0,0.0,0.0,0.0,0.0,0.0,0.0,0.0,0.0,0.0,0.0,0.0,0.0,0.0,0.0,0.0,0.0,0.0,0.0,0.0,0.0,0.0,0.0,0.0,0.0,0.0,0.0
US1NYSR0015,"MALTA 2.6 NNW","SARATOGA",321,-73.80,43.01,M,M,0.0,0.0,0.0,0.0,0.0,M,0.0,0.0,M,0.0,M,M,0.0,0.0,0.0,M,0.0,0.0,0.0,0.0,0.0,M,M,M,M,M,0.0,0.0,0.0
US1NYCR0005,"MARATHON 1.0 NW","CORTLAND",1030,-76.04,42.45,M,M,M,0.0,0.0,0.0,M,M,M,0.0,M,0.0,M,M,M,M,0.0,0.0,0.0,M,M,0.0,M,M,M,M,M,M,0.0,0.0,0.0
US1NYOG0031,"MARCELLUS 1.6 E","ONONDAGA",1068,-76.31,42.98,M,M,M,M,0.0,M,0.0,M,M,M,M,0.0,M,M,M,M,M,M,0.0,0.0,M,0.0,0.0,M,M,M,M,M,0.0,0.0,M
US1NYWN0009,"MARION 2.0 NE","WAYNE",478,-77.17,43.17,M,M,M,M,M,M,M,M,M,M,M,M,M,M,M,M,M,M,0.0,M,M,M,M,M,M,M,M,M,M,M,M
USW00094725,"MASSENA INTL AP","ST. LAWRENCE",214,-74.85,44.94,0.0,0.0,0.0,0.0,0.0,0.0,0.0,0.0,0.0,0.0,0.0,0.0,0.0,0.0,0.0,0.0,0.0,0.0,0.0,0.0,0.0,0.0,0.0,0.0,0.0,0.0,0.0,0.0,0.0,0.0,0.0
USC00305236,"MEDINA","ORLEANS",550,-78.39,43.21,0.0,0.0,0.0,0.0,0.0,0.0,0.0,0.0,0.0,0.0,0.0,0.0,0.0,0.0,0.0,0.0,0.0,0.0,0.0,0.0,0.0,0.0,T,0.0,0.0,0.0,0.0,0.0,0.0,0.0,0.0
USC00305248,"MELROSE 1 NE","RENSSELAER",350,-73.61,42.85,M,M,M,M,M,M,M,M,M,M,M,M,M,M,M,M,M,M,M,M,M,0.0,M,M,0.0,0.0,0.0,0.0,M,0.0,0.0
US1NYNS0028,"MERRICK 1.2 N","NASSAU",22,-73.55,40.67,M,M,M,M,0.0,M,M,M,M,M,M,M,M,M,M,M,M,M,M,M,M,M,M,M,M,M,0.0,M,M,M,M
US1NYDT0008,"MILLBROOK 3.2 SE","DUTCHESS",1024,-73.65,41.75,M,M,M,0.0,0.0,0.0,M,M,M,M,M,0.0,M,M,M,0.0,0.0,M,0.0,0.0,M,0.0,M,M,M,M,0.0,M,0.0,0.0,0.0
US1NYSR0003,"MILTON 5.2 NNW","SARATOGA",695,-73.91,43.10,M,M,M,0.0,0.0,0.0,0.0,M,M,0.0,M,M,M,M,M,M,M,M,M,M,M,M,M,M,M,M,M,M,M,M,0.0
US1NYOS0015,"MINETTO 0.1 SE","OSWEGO",351,-76.48,43.40,0.0,0.0,0.0,0.0,0.0,0.0,0.0,0.0,0.0,0.0,0.0,0.0,0.0,0.0,0.0,0.0,0.0,0.0,0.0,0.0,0.0,0.0,0.0,0.0,0.0,0.0,0.0,0.0,0.0,0.0,0.0
USC00305426,"MOHONK LAKE","ULSTER",1245,-74.15,41.77,M,M,M,M,M,M,M,M,M,M,M,M,M,M,M,M,M,M,M,M,M,M,M,M,M,M,M,M,M,M,0.0
USC00305597,"MOUNT MORRIS 2 W","LIVINGSTON",880,-77.91,42.73,0.0,0.0,0.0,0.0,0.0,0.0,0.0,0.0,0.0,0.0,0.0,0.0,0.0,0.0,0.0,0.0,0.0,0.0,0.0,0.0,0.0,0.0,0.0,0.0,0.0,0.0,0.0,0.0,0.0,0.0,0.0
USC00305606,"MOUNT SINAI","SUFFOLK",50,-73.02,40.93,0.0,0.0,0.0,0.0,0.0,0.0,0.0,0.0,0.0,0.0,0.0,0.0,0.0,0.0,0.0,0.0,0.0,0.0,0.0,0.0,0.0,0.0,0.0,0.0,0.0,0.0,0.0,0.0,0.0,0.0,0.0
US1NYMD0014,"MUNNSVILLE 2.0 SW","MADISON",1009,-75.61,42.95,M,M,M,0.0,0.0,M,M,M,M,0.0,M,M,M,M,M,M,0.0,M,0.0,0.0,M,0.0,0.0,M,M,M,M,M,0.0,0.0,0.0
US1NYYT0009,"NAPLES 5.2 E","YATES",1139,-77.30,42.60,M,M,0.0,0.0,M,0.0,0.0,M,0.0,0.0,M,M,M,M,0.0,0.0,0.0,0.0,0.0,0.0,M,0.0,0.0,M,0.0,M,M,0.0,0.0,0.0,0.0
US1NYSF0077,"NESCONSET 1.4 SSW","SUFFOLK",102,-73.16,40.83,M,M,M,M,M,M,M,M,M,M,M,M,M,M,M,M,M,M,0.0,0.0,M,M,M,M,M,M,M,M,M,M,M
USC00305676,"NEW ALBION 2","CATTARAUGUS",1990,-78.91,42.31,0.0,0.0,0.0,0.0,0.0,0.0,0.0,0.0,0.0,0.0,M,M,M,M,0.0,0.0,0.0,0.0,0.0,0.0,0.0,0.0,0.0,0.0,0.0,0.0,0.0,0.0,0.0,0.0,0.0
US1NYGR0005,"NEW BALTIMORE 0.2 SE","GREENE",40,-73.79,42.44,0.0,M,M,M,M,M,M,M,M,M,M,M,M,M,M,M,M,M,M,M,M,M,M,0.0,M,M,M,M,M,M,M
US1NYOD0019,"NEW HARTFORD 0.8 S","ONEIDA",695,-75.29,43.06,0.0,0.0,0.0,0.0,0.0,0.0,M,M,M,M,M,M,M,0.0,0.0,0.0,0.0,0.0,0.0,0.0,0.0,0.0,0.0,0.0,0.0,M,0.0,0.0,0.0,0.0,0.0
USC00305714,"NEWCOMB","ESSEX",1647,-74.22,43.97,0.0,0.0,0.0,0.0,0.0,0.0,0.0,0.0,0.0,0.0,0.0,0.0,0.0,0.0,0.0,0.0,0.0,0.0,0.0,0.0,0.0,0.0,0.0,0.0,0.0,0.0,0.0,0.0,0.0,0.0,0.0
US1NYTM0015,"NEWFIELD 2.5 S","TOMPKINS",1598,-76.59,42.32,M,M,M,0.0,0.0,0.0,0.0,M,0.0,0.0,M,0.0,M,M,M,0.0,0.0,M,0.0,0.0,M,0.0,M,M,M,M,M,M,0.0,0.0,0.0
US1NYNG0011,"NIAGARA FALLS 0.7 WNW","NIAGARA",587,-79.03,43.10,0.0,0.0,0.0,0.0,0.0,0.0,0.0,0.0,0.0,0.0,0.0,0.0,0.0,0.0,0.0,0.0,0.0,0.0,0.0,0.0,0.0,0.0,0.0,0.0,0.0,0.0,0.0,0.0,0.0,0.0,0.0
US1NYNG0022,"NIAGARA FALLS 5.7 E","NIAGARA",578,-78.90,43.08,M,M,M,M,0.0,M,M,M,M,M,M,M,M,M,M,0.0,M,0.0,M,M,M,M,M,M,M,M,M,M,M,M,0.0
USC00305840,"NIAGARA FALLS INT'L AP","NIAGARA",588,-78.94,43.11,0.0,0.0,0.0,0.0,0.0,0.0,0.0,0.0,0.0,0.0,0.0,0.0,0.0,0.0,0.0,0.0,0.0,0.0,0.0,0.0,0.0,0.0,0.0,0.0,0.0,0.0,0.0,0.0,0.0,0.0,0.0
US1NYSC0016,"NISKAYUNA 2.0 N","SCHENECTADY",272,-73.90,42.85,M,M,M,0.0,0.0,0.0,M,M,M,0.0,M,M,M,M,M,0.0,0.0,M,0.0,0.0,0.0,0.0,M,M,M,M,M,M,0.0,0.0,0.0
US1NYMR0012,"NORTH CHILI 0.6 NW","MONROE",608,-77.82,43.12,M,M,M,M,0.0,0.0,0.0,M,0.0,0.0,M,0.0,M,M,M,0.0,M,M,0.0,0.0,M,0.0,M,M,M,0.0,M,M,0.0,0.0,0.0
USC00305925,"NORTH CREEK 5 SE","WARREN",890,-73.90,43.66,0.0,0.0,0.0,0.0,0.0,0.0,0.0,0.0,0.0,0.0,0.0,0.0,0.0,0.0,0.0,0.0,0.0,0.0,0.0,0.0,0.0,0.0,0.0,0.0,0.0,0.0,0.0,0.0,0.0,0.0,0.0
US1NYNG0002,"NORTH TONAWANDA 1.0 NNE","NIAGARA",578,-78.86,43.06,M,M,0.0,0.0,0.0,0.0,0.0,M,0.0,0.0,M,0.0,M,M,M,0.0,M,M,0.0,0.0,M,0.0,M,M,M,0.0,M,M,M,0.0,0.0
US1NYNS0024,"NORTH WANTAGH 0.4 WSW","NASSAU",49,-73.52,40.70,0.0,M,0.0,M,0.0,0.0,0.0,M,M,0.0,0.0,M,M,M,M,0.0,0.0,0.0,0.0,M,0.0,0.0,M,M,M,0.0,M,M,M,M,M
US1NYSF0016,"NORTHPORT 1.6 NNE","SUFFOLK",84,-73.33,40.92,0.0,0.0,0.0,0.0,0.0,0.0,0.0,0.0,0.0,0.0,0.0,M,M,M,M,M,M,M,M,M,0.0,0.0,0.0,0.0,0.0,0.0,0.0,0.0,0.0,0.0,0.0
USC00306062,"NORTHVILLE","FULTON",790,-74.20,43.16,M,M,M,M,M,0.0,0.0,M,M,0.0,0.0,0.0,0.0,M,M,M,0.0,M,0.0,0.0,0.0,M,M,0.0,0.0,0.0,0.0,0.0,M,M,0.0
USC00306085,"NORWICH","CHENANGO",989,-75.52,42.51,M,M,0.0,M,0.0,0.0,M,0.0,0.0,0.0,0.0,M,0.0,0.0,0.0,M,M,M,0.0,0.0,0.0,0.0,M,M,0.0,0.0,M,0.0,0.0,M,M
US1NYCN0009,"NORWICH 5.4 W","CHENANGO",1498,-75.63,42.53,M,M,M,0.0,0.0,0.0,M,M,M,0.0,M,M,M,M,M,M,0.0,M,0.0,0.0,M,0.0,0.0,M,M,M,M,M,M,0.0,0.0
US1NYCN0002,"NORWICH 5.7 NE","CHENANGO",1799,-75.43,42.58,M,M,0.0,0.0,0.0,0.0,M,0.0,0.0,0.0,M,0.0,M,M,M,M,0.0,M,0.0,0.0,M,M,M,M,M,M,M,M,M,M,M
US1NYAB0021,"NWS ALBANY","ALBANY",260,-73.83,42.69,M,0.0,0.0,0.0,0.0,0.0,M,M,M,0.0,M,0.0,0.0,M,M,0.0,0.0,0.0,0.0,0.0,0.0,0.0,0.0,0.0,0.0,0.0,M,M,0.0,0.0,0.0
USW00094728,"NY CITY CENTRAL PARK","NEW YORK",140,-73.97,40.78,0.0,0.0,0.0,0.0,0.0,0.0,0.0,0.0,0.0,0.0,0.0,0.0,0.0,0.0,0.0,0.0,0.0,0.0,0.0,0.0,0.0,0.0,0.0,0.0,0.0,0.0,0.0,0.0,0.0,0.0,0.0
USC00306164,"OGDENSBURG 4 NE","ST. LAWRENCE",280,-75.44,44.73,M,M,M,M,0.0,0.0,0.0,M,M,0.0,0.0,0.0,0.0,0.0,M,M,M,M,M,M,M,M,M,0.0,0.0,0.0,0.0,0.0,M,M,0.0
USC00306196,"OLEAN","CATTARAUGUS",1420,-78.45,42.07,0.0,0.0,0.0,0.0,0.0,0.0,0.0,0.0,0.0,0.0,0.0,0.0,0.0,0.0,0.0,0.0,0.0,0.0,0.0,0.0,0.0,0.0,0.0,0.0,0.0,0.0,0.0,0.0,0.0,0.0,0.0
US1NYCT0006,"OLEAN 1.2 NE","CATTARAUGUS",1541,-78.41,42.09,0.0,0.0,0.0,0.0,0.0,0.0,0.0,0.0,0.0,0.0,0.0,0.0,0.0,0.0,0.0,0.0,0.0,0.0,0.0,0.0,0.0,0.0,0.0,0.0,0.0,0.0,0.0,0.0,0.0,0.0,0.0
US1NYMD0022,"ONEIDA 0.4 NW","MADISON",565,-75.67,43.08,0.0,0.0,0.0,0.0,0.0,0.0,0.0,0.0,0.0,0.0,0.0,0.0,0.0,0.0,0.0,0.0,0.0,0.0,0.0,0.0,0.0,0.0,0.0,0.0,0.0,0.0,0.0,0.0,0.0,0.0,0.0
USC00306300,"OSCEOLA","LEWIS",1092,-75.71,43.50,0.0,0.0,0.0,0.0,0.0,0.0,0.0,0.0,0.0,0.0,0.0,0.0,0.0,0.0,0.0,0.0,0.0,0.0,0.0,0.0,0.0,0.0,0.0,0.0,0.0,0.0,0.0,0.0,0.0,0.0,0.0
US1NYOS0003,"OSWEGO 5.0 ESE","OSWEGO",456,-76.41,43.44,M,M,0.0,0.0,0.0,0.0,0.0,M,M,0.0,M,0.0,M,M,M,0.0,M,M,0.0,0.0,M,0.0,M,M,M,M,M,M,0.0,0.0,0.0
US1NYTG0019,"OWEGO 2.5 ENE","TIOGA",1179,-76.22,42.12,0.0,0.0,0.0,0.0,M,0.0,0.0,0.0,0.0,0.0,0.0,0.0,0.0,0.0,0.0,0.0,0.0,0.0,0.0,0.0,0.0,0.0,0.0,0.0,0.0,0.0,0.0,0.0,0.0,0.0,0.0
US1NYCN0014,"OXFORD 0.8 NNW","CHENANGO",1244,-75.60,42.45,M,M,M,M,M,M,M,M,M,M,M,0.0,M,M,M,M,M,M,M,M,M,M,M,M,M,M,M,M,M,M,M
US1NYST0040,"PAINTED POST 7.6 SSW","STEUBEN",1087,-77.17,42.07,M,M,0.0,0.0,0.0,0.0,0.0,M,M,0.0,M,0.0,M,M,0.0,0.0,0.0,M,0.0,0.0,M,0.0,0.0,M,M,0.0,0.0,0.0,0.0,0.0,M
USC00306376,"PALERMO 2SSE","OSWEGO",445,-76.27,43.33,0.0,0.0,0.0,0.0,0.0,0.0,0.0,0.0,0.0,0.0,0.0,0.0,0.0,0.0,0.0,0.0,0.0,0.0,0.0,0.0,0.0,0.0,0.0,0.0,0.0,0.0,0.0,0.0,0.0,0.0,0.0
US1NYWN0006,"PALMYRA 1.6 NW","WAYNE",498,-77.25,43.08,M,M,0.0,0.0,0.0,0.0,0.0,M,M,0.0,M,0.0,M,0.0,M,0.0,M,M,0.0,0.0,M,0.0,M,M,M,M,M,M,0.0,0.0,0.0
US1NYSC0017,"PATTERSONVILLE 4.2 SSW","SCHENECTADY",1277,-74.12,42.83,M,M,M,0.0,0.0,0.0,0.0,M,M,0.0,0.0,M,M,M,0.0,0.0,0.0,M,0.0,0.0,0.0,0.0,M,M,M,M,M,M,0.0,0.0,0.0
USC00306464,"PAVILION 2NE","GENESEE",1020,-77.98,42.91,0.0,0.0,0.0,0.0,0.0,0.0,0.0,0.0,0.0,0.0,0.0,0.0,0.0,0.0,0.0,0.0,0.0,0.0,0.0,0.0,0.0,0.0,0.0,0.0,0.0,0.0,0.0,0.0,0.0,0.0,0.0
US1NYWC0011,"PEEKSKILL 0.4 N","WESTCHESTER",179,-73.92,41.29,M,M,0.0,0.0,0.0,0.0,M,M,M,0.0,M,M,0.0,M,M,0.0,0.0,M,M,M,M,M,0.0,M,M,0.0,0.0,0.0,0.0,0.0,0.0
US1NYYT0005,"PENN YAN 5.1 NNW","YATES",1090,-77.08,42.73,M,M,M,0.0,0.0,0.0,0.0,M,M,0.0,M,0.0,M,M,M,0.0,0.0,M,0.0,0.0,M,0.0,M,M,M,M,M,M,0.0,0.0,0.0
USC00306525,"PERRYSBURG","CATTARAUGUS",1210,-79.00,42.46,0.0,0.0,0.0,0.0,0.0,0.0,0.0,0.0,0.0,0.0,0.0,0.0,0.0,0.0,0.0,0.0,0.0,0.0,0.0,0.0,0.0,0.0,0.0,0.0,0.0,0.0,0.0,0.0,0.0,0.0,0.0
USC00306538,"PERU 2 WSW","CLINTON",510,-73.57,44.57,0.0,0.0,0.0,0.0,0.0,0.0,0.0,0.0,0.0,0.0,0.0,0.0,0.0,0.0,0.0,0.0,0.0,0.0,0.0,0.0,0.0,0.0,0.0,0.0,0.0,0.0,0.0,0.0,0.0,0.0,0.0
US1NYCL0007,"PERU 4.1 ESE","CLINTON",181,-73.45,44.56,M,M,M,0.0,0.0,0.0,0.0,M,M,M,0.0,M,M,M,M,M,M,M,M,M,0.0,0.0,0.0,M,M,M,M,M,0.0,0.0,0.0
US1NYCM0017,"PINE CITY 3.1 SE","CHEMUNG",1588,-76.83,42.00,M,M,0.0,M,M,M,M,M,M,M,M,M,M,M,M,M,0.0,M,M,M,M,M,M,M,M,0.0,M,M,M,M,0.0
US1NYDT0017,"PINE PLAINS 4.9 WNW","DUTCHESS",393,-73.74,42.02,M,M,M,0.0,0.0,0.0,M,M,M,0.0,M,M,M,M,M,0.0,0.0,0.0,0.0,0.0,0.0,0.0,M,M,M,M,0.0,M,0.0,0.0,0.0
US1NYMR0021,"PITTSFORD 4.0 SSE","MONROE",557,-77.49,43.03,0.0,0.0,0.0,0.0,0.0,0.0,0.0,0.0,0.0,0.0,0.0,0.0,0.0,0.0,0.0,0.0,0.0,0.0,0.0,0.0,0.0,0.0,0.0,0.0,0.0,0.0,0.0,0.0,0.0,0.0,0.0
US1NYNS0043,"PLAINVIEW 0.4 ENE","NASSAU",186,-73.47,40.79,0.0,M,0.0,0.0,0.0,0.0,M,M,0.0,0.0,0.0,M,M,M,M,0.0,0.0,0.0,0.0,0.0,0.0,M,M,M,M,0.0,0.0,0.0,M,0.0,0.0
USC00306660,"PLATTSBURGH 1 S","CLINTON",178,-73.46,44.69,0.0,0.0,0.0,0.0,0.0,0.0,0.0,0.0,0.0,0.0,0.0,0.0,0.0,0.0,0.0,0.0,0.0,0.0,0.0,0.0,0.0,0.0,0.0,0.0,0.0,0.0,0.0,0.0,0.0,0.0,0.0
USW00064776,"PLATTSBURGH INTERNATIONAL AIRPORT","CLINTON",234,-73.47,44.65,0.0,0.0,0.0,0.0,0.0,0.0,0.0,0.0,0.0,0.0,0.0,0.0,0.0,0.0,0.0,0.0,0.0,0.0,0.0,0.0,0.0,0.0,0.0,0.0,0.0,0.0,0.0,0.0,0.0,0.0,0.0
US1NYOD0002,"POINT ROCK 0.6 SE","ONEIDA",1100,-75.54,43.37,M,M,M,0.0,0.0,0.0,M,M,M,0.0,M,0.0,M,M,M,M,M,M,0.0,0.0,0.0,0.0,M,M,M,M,M,M,0.0,0.0,0.0
USC00306774,"PORT JERVIS","ORANGE",580,-74.69,41.39,0.0,0.0,0.0,0.0,0.0,0.0,0.0,0.0,0.0,0.0,0.0,0.0,0.0,0.0,0.0,0.0,0.0,0.0,0.0,0.0,0.0,0.0,0.0,0.0,0.0,0.0,0.0,0.0,0.0,0.0,0.0
USC00306745,"PORTAGEVILLE","WYOMING",1168,-78.04,42.57,0.0,0.0,0.0,0.0,0.0,0.0,0.0,0.0,0.0,0.0,0.0,0.0,0.0,0.0,0.0,0.0,0.0,0.0,0.0,0.0,0.0,0.0,0.0,0.0,0.0,0.0,0.0,0.0,0.0,0.0,0.0
USC00306747,"PORTLAND1 SW","CHAUTAUQUA",808,-79.49,42.37,0.0,0.0,0.0,0.0,0.0,0.0,0.0,0.0,0.0,0.0,0.0,0.0,0.0,0.0,0.0,0.0,0.0,0.0,0.0,0.0,0.0,0.0,0.0,0.0,0.0,0.0,0.0,0.0,0.0,0.0,0.0
USC00306820,"POUGHKEEPSIE","DUTCHESS",168,-73.91,41.62,0.0,0.0,0.0,0.0,0.0,0.0,0.0,0.0,0.0,0.0,0.0,0.0,0.0,0.0,0.0,0.0,0.0,0.0,0.0,0.0,0.0,0.0,0.0,0.0,0.0,0.0,0.0,0.0,0.0,0.0,0.0
US1NYDT0010,"POUGHKEEPSIE 3.9 SSE","DUTCHESS",238,-73.90,41.65,0.0,0.0,0.0,0.0,0.0,0.0,0.0,0.0,0.0,0.0,0.0,0.0,0.0,0.0,0.0,0.0,0.0,0.0,0.0,0.0,0.0,0.0,0.0,0.0,0.0,0.0,0.0,0.0,0.0,0.0,0.0
USW00014757,"POUGHKEEPSIE AIRPORT","DUTCHESS",166,-73.88,41.63,M,M,0.0,M,0.0,M,M,M,M,M,M,M,M,M,M,M,M,M,M,M,M,M,M,M,M,M,M,M,M,M,M
USC00306867,"PULASKI","OSWEGO",399,-76.12,43.57,0.0,0.0,0.0,0.0,0.0,0.0,0.0,0.0,0.0,0.0,0.0,0.0,0.0,0.0,0.0,0.0,0.0,0.0,0.0,0.0,0.0,0.0,0.0,0.0,0.0,0.0,0.0,0.0,0.0,0.0,0.0
US1NYOS0021,"PULASKI 0.5 NE","OSWEGO",287,-76.12,43.57,M,M,M,M,M,0.0,0.0,M,M,0.0,M,M,M,M,M,0.0,M,M,0.0,0.0,M,0.0,0.0,M,M,M,M,M,0.0,0.0,0.0
USC00306988,"REDFIELD 8N","OSWEGO",1308,-75.88,43.64,0.0,0.0,0.0,0.0,0.0,0.0,0.0,0.0,0.0,0.0,0.0,0.0,0.0,0.0,0.0,0.0,0.0,0.0,0.0,0.0,0.0,0.0,0.0,0.0,0.0,0.0,0.0,0.0,0.0,0.0,0.0
US1NYAB0010,"RENSSELAERVILLE 2.1 NNW","ALBANY",1602,-74.15,42.55,M,M,M,0.0,0.0,0.0,M,M,M,0.0,M,M,M,M,M,M,0.0,M,0.0,0.0,0.0,0.0,M,M,M,M,M,M,0.0,0.0,0.0
US1NYOT0026,"RICHFIELD SPRINGS 4.1 SSE","OTSEGO",1557,-74.97,42.80,M,M,M,0.0,0.0,0.0,M,M,M,M,M,0.0,M,M,M,0.0,0.0,M,0.0,0.0,0.0,0.0,0.0,M,M,0.0,M,M,0.0,0.0,0.0
US1NYSF0103,"RIDGE 1.8 SE","SUFFOLK",69,-72.85,40.90,0.0,0.0,0.0,0.0,0.0,0.0,0.0,0.0,0.0,0.0,0.0,0.0,0.0,0.0,0.0,0.0,0.0,0.0,0.0,0.0,0.0,0.0,0.0,0.0,0.0,0.0,0.0,0.0,0.0,0.0,0.0
US1NYSF0002,"RIVERHEAD 1.3 SSE","SUFFOLK",43,-72.67,40.93,0.0,0.0,0.0,M,0.0,0.0,M,M,0.0,0.0,M,0.0,M,M,M,0.0,0.0,0.0,0.0,M,M,M,M,M,M,0.0,0.0,M,0.0,M,0.0
USC00307134,"RIVERHEAD RESEARCH FARM","SUFFOLK",100,-72.72,40.96,0.0,0.0,0.0,0.0,0.0,0.0,0.0,0.0,0.0,0.0,0.0,0.0,0.0,0.0,0.0,0.0,0.0,0.0,0.0,0.0,0.0,0.0,0.0,0.0,0.0,0.0,0.0,0.0,0.0,0.0,0.0
US1NYMR0036,"ROCHESTER 3.4 NNW","MONROE",402,-77.64,43.21,M,M,M,0.0,0.0,0.0,0.0,M,0.0,0.0,M,0.0,M,0.0,M,M,M,M,0.0,0.0,M,0.0,0.0,M,M,M,M,M,M,M,M
US1NYMR0047,"ROCHESTER 5.0 W","MONROE",539,-77.71,43.18,M,M,M,0.0,0.0,0.0,0.0,M,0.0,0.0,M,0.0,M,M,M,M,M,M,0.0,0.0,M,0.0,M,M,M,M,M,M,0.0,0.0,0.0
US1NYMR0023,"ROCHESTER 5.0 WNW","MONROE",430,-77.70,43.20,M,M,M,0.0,0.0,0.0,0.0,M,M,0.0,M,0.0,M,M,M,0.0,M,M,0.0,M,M,0.0,M,M,M,M,M,M,0.0,0.0,M
USW00014768,"ROCHESTER GREATER INT'L","MONROE",539,-77.68,43.12,0.0,0.0,0.0,M,0.0,0.0,0.0,0.0,0.0,0.0,0.0,0.0,0.0,0.0,0.0,0.0,0.0,0.0,0.0,0.0,0.0,0.0,0.0,0.0,0.0,0.0,0.0,0.0,0.0,0.0,0.0
USC00307210,"ROCK HILL 3 SW","SULLIVAN",1270,-74.61,41.59,0.0,0.0,0.0,0.0,0.0,0.0,0.0,0.0,0.0,0.0,0.0,0.0,M,0.0,0.0,0.0,0.0,0.0,0.0,0.0,0.0,0.0,0.0,0.0,0.0,0.0,0.0,0.0,0.0,0.0,0.0
US1NYOD0052,"ROME 3.7 SW","ONEIDA",471,-75.55,43.20,0.0,0.0,0.0,0.0,0.0,0.0,M,0.0,M,0.0,0.0,0.0,0.0,0.0,0.0,M,M,M,M,M,M,M,M,M,M,M,M,M,M,M,M
US1NYSF0024,"RONKONKOMA 1.4 WSW","SUFFOLK",66,-73.15,40.80,M,M,0.0,0.0,M,M,M,M,M,M,M,M,M,M,M,M,0.0,0.0,0.0,0.0,M,0.0,M,M,M,0.0,0.0,0.0,M,M,0.0
US1NYUL0016,"ROSENDALE VILLAGE 1.8 WNW","ULSTER",298,-74.11,41.86,M,M,M,0.0,0.0,0.0,M,M,0.0,0.0,M,M,M,M,M,M,0.0,0.0,M,M,M,M,M,M,M,M,0.0,M,0.0,0.0,0.0
US1NYUL0003,"ROSENDALE VILLAGE 2.4 NNE","ULSTER",178,-74.06,41.88,M,M,M,0.0,0.0,0.0,M,M,M,M,M,M,M,M,M,M,0.0,M,0.0,0.0,M,0.0,0.0,M,M,0.0,0.0,M,0.0,0.0,0.0
US1NYUL0004,"RUBY 0.5 NE","ULSTER",309,-74.02,42.02,0.0,M,M,M,0.0,M,M,0.0,M,M,M,0.0,M,M,M,M,M,M,M,M,M,M,M,M,M,M,M,M,0.0,M,0.0
USC00307329,"RUSHFORD","ALLEGANY",1600,-78.19,42.43,0.0,0.0,0.0,0.0,0.0,0.0,0.0,0.0,0.0,0.0,0.0,0.0,0.0,0.0,0.0,0.0,0.0,0.0,0.0,0.0,0.0,0.0,0.0,0.0,0.0,0.0,0.0,0.0,0.0,0.0,0.0
USC00307425,"SANBORN 3NE","NIAGARA",641,-78.83,43.16,0.0,0.0,0.0,0.0,0.0,0.0,0.0,0.0,0.0,0.0,0.0,0.0,0.0,0.0,0.0,0.0,0.0,0.0,0.0,0.0,0.0,0.0,0.0,0.0,0.0,0.0,0.0,0.0,0.0,0.0,0.0
USW00094740,"SARANAC LAKE ADIRONDACK REGIONAL","FRANKLIN",1663,-74.21,44.39,0.0,0.0,0.0,0.0,0.0,0.0,0.0,0.0,0.0,0.0,0.0,0.0,0.0,0.0,0.0,0.0,0.0,0.0,0.0,0.0,0.0,0.0,M,0.0,M,M,0.0,0.0,0.0,0.0,M
US1NYSR0004,"SARATOGA SPRINGS 0.5 S","SARATOGA",310,-73.78,43.06,0.0,0.0,0.0,0.0,0.0,0.0,0.0,0.0,0.0,0.0,0.0,0.0,0.0,0.0,0.0,0.0,0.0,M,0.0,0.0,0.0,0.0,0.0,0.0,0.0,0.0,0.0,0.0,0.0,0.0,0.0
US1NYST0010,"SAVONA 4.7 S","STEUBEN",1480,-77.22,42.22,M,M,M,0.0,0.0,0.0,0.0,M,0.0,0.0,M,0.0,M,M,M,M,M,M,M,M,M,0.0,M,M,M,M,0.0,M,0.0,0.0,0.0
US1NYSF0049,"SAYVILLE 1.0 SSE","SUFFOLK",15,-73.08,40.73,0.0,M,0.0,0.0,0.0,0.0,M,M,0.0,0.0,M,0.0,M,M,M,0.0,0.0,0.0,0.0,0.0,0.0,0.0,M,M,M,0.0,0.0,M,M,M,0.0
US1NYSC0011,"SCHENECTADY 3.3 E","SCHENECTADY",330,-73.86,42.79,M,M,0.0,0.0,0.0,M,M,M,M,0.0,M,M,M,M,M,0.0,0.0,M,M,0.0,0.0,0.0,M,M,M,M,M,M,0.0,0.0,0.0
US1NYAB0006,"SCHENECTADY 5.6 SSW","ALBANY",291,-73.93,42.72,M,M,M,0.0,0.0,0.0,M,M,M,M,M,0.0,M,M,M,0.0,0.0,M,0.0,0.0,0.0,0.0,M,M,M,M,M,M,0.0,0.0,0.0
USC00307520,"SCHOHARIE","SCHOHARIE",734,-74.30,42.67,0.0,0.0,0.0,0.0,0.0,0.0,0.0,0.0,0.0,0.0,0.0,0.0,0.0,0.0,0.0,0.0,0.0,0.0,0.0,0.0,0.0,0.0,0.0,0.0,0.0,0.0,0.0,0.0,0.0,0.0,0.0
US1NYES0005,"SCHROON LAKE 3.5 SW","ESSEX",1367,-73.82,43.81,M,M,M,0.0,0.0,0.0,0.0,M,M,0.0,M,0.0,M,M,M,M,0.0,M,0.0,0.0,0.0,0.0,0.0,0.0,M,M,M,M,0.0,0.0,0.0
US1NYSC0002,"SCOTIA 1.1 NW","SCHENECTADY",274,-73.97,42.84,M,M,M,0.0,0.0,0.0,M,M,M,0.0,M,M,M,M,M,0.0,0.0,M,M,M,M,0.0,M,M,M,M,M,M,M,0.0,M
US1NYSF0070,"SHELTER ISLAND HEIGHTS 2.1 SSW","SUFFOLK",15,-72.36,41.05,0.0,0.0,M,0.0,0.0,0.0,0.0,M,0.0,M,M,M,0.0,M,M,0.0,0.0,M,M,0.0,0.0,0.0,M,M,M,0.0,0.0,M,M,0.0,M
USC00307705,"SHERBURNE","CHENANGO",1095,-75.51,42.68,0.0,0.0,0.0,0.0,0.0,0.0,0.0,0.0,0.0,0.0,0.0,0.0,0.0,0.0,0.0,0.0,0.0,0.0,0.0,0.0,0.0,0.0,0.0,0.0,0.0,0.0,0.0,0.0,0.0,0.0,0.0
US1NYSF0044,"SHIRLEY 2.9 N","SUFFOLK",96,-72.87,40.84,0.0,0.0,0.0,0.0,0.0,0.0,M,M,0.0,0.0,M,M,M,M,M,M,M,0.0,0.0,0.0,0.0,0.0,M,M,M,0.0,0.0,M,M,M,0.0
USC00307742,"SHRUB OAK","WESTCHESTER",462,-73.84,41.33,0.0,0.0,0.0,0.0,0.0,0.0,0.0,0.0,0.0,0.0,0.0,0.0,0.0,0.0,0.0,0.0,0.0,0.0,0.0,0.0,0.0,0.0,0.0,0.0,0.0,0.0,0.0,0.0,0.0,0.0,0.0
USC00307749,"SILVER SPRINGS 3N","WYOMING",1667,-78.09,42.71,0.0,0.0,0.0,0.0,0.0,0.0,0.0,0.0,0.0,0.0,0.0,0.0,0.0,0.0,0.0,0.0,0.0,0.0,0.0,0.0,0.0,0.0,0.0,0.0,0.0,0.0,0.0,0.0,0.0,0.0,0.0
US1NYOG0061,"SKANEATELES 0.8 NNW","ONONDAGA",937,-76.43,42.96,M,M,M,0.0,0.0,0.0,M,M,M,M,M,0.0,M,M,M,M,0.0,0.0,0.0,0.0,M,0.0,0.0,M,M,M,M,M,0.0,0.0,M
US1NYSY0001,"SMITH VALLEY 1.9 SE","SCHUYLER",1398,-76.72,42.39,M,M,M,0.0,0.0,0.0,M,M,M,M,M,M,0.0,0.0,0.0,0.0,0.0,0.0,0.0,0.0,0.0,0.0,0.0,0.0,0.0,0.0,0.0,0.0,0.0,0.0,0.0
USC00307842,"SODUS 1W","WAYNE",444,-77.08,43.24,0.0,0.0,0.0,0.0,0.0,0.0,0.0,0.0,0.0,0.0,0.0,0.0,0.0,0.0,0.0,0.0,0.0,0.0,0.0,0.0,0.0,0.0,0.0,0.0,0.0,0.0,0.0,0.0,0.0,0.0,0.0
US1NYST0003,"SOUTH CORNING 4.7 S","STEUBEN",1730,-77.05,42.06,M,M,M,0.0,0.0,0.0,0.0,M,M,0.0,M,0.0,M,M,M,0.0,0.0,M,0.0,0.0,M,0.0,M,M,M,M,0.0,M,0.0,0.0,0.0
US1NYWC0006,"SOUTH SALEM 2.1 NW","WESTCHESTER",497,-73.57,41.30,0.0,0.0,0.0,0.0,0.0,0.0,0.0,0.0,0.0,0.0,0.0,0.0,0.0,0.0,0.0,0.0,0.0,0.0,0.0,0.0,0.0,0.0,0.0,0.0,0.0,0.0,0.0,0.0,0.0,0.0,0.0
US1NYHM0001,"SPECULATOR 10.0 SSW","HAMILTON",1722,-74.47,43.45,M,M,M,M,M,M,M,M,M,M,M,M,M,M,M,M,M,M,M,M,M,M,M,M,M,M,M,M,0.0,M,M
USC00308132,"SPRINGVILLE 5NE","ERIE",1691,-78.58,42.55,0.0,0.0,0.0,0.0,0.0,0.0,0.0,0.0,0.0,0.0,0.0,0.0,0.0,0.0,0.0,0.0,0.0,0.0,0.0,0.0,0.0,0.0,0.0,0.0,0.0,0.0,0.0,0.0,0.0,0.0,0.0
US1NYGN0006,"STAFFORD 1.8 NE","GENESEE",899,-78.05,43.00,M,M,0.0,0.0,M,M,M,M,0.0,0.0,M,0.0,M,M,M,0.0,M,0.0,0.0,0.0,M,0.0,0.0,M,M,0.0,M,0.0,0.0,0.0,0.0
US1NYRC0002,"STATEN ISLAND 1.4 SE","RICHMOND",72,-74.13,40.57,M,M,0.0,0.0,M,M,M,M,M,M,M,M,M,M,M,M,0.0,0.0,0.0,0.0,M,0.0,M,M,M,M,0.0,0.0,M,M,0.0
US1NYRC0001,"STATEN ISLAND 4.5 SSE","RICHMOND",35,-74.15,40.54,0.0,0.0,0.0,0.0,0.0,0.0,0.0,M,0.0,0.0,0.0,0.0,M,0.0,M,0.0,0.0,0.0,0.0,0.0,M,0.0,M,0.0,M,0.0,0.0,0.0,M,0.0,0.0
USC00308248,"STILLWATER RESERVOIR","HERKIMER",1690,-75.04,43.90,M,M,M,M,M,0.0,0.0,M,M,M,M,M,M,M,M,M,M,M,M,M,0.0,M,M,M,M,M,M,M,M,M,M
US1NYUL0021,"STONE RIDGE 0.5 WNW","ULSTER",371,-74.16,41.84,M,M,M,0.0,0.0,0.0,M,M,M,0.0,M,M,M,M,M,0.0,0.0,M,0.0,0.0,M,0.0,M,M,M,M,0.0,M,M,0.0,0.0
US1NYUL0008,"STONE RIDGE 4.9 NNW","ULSTER",508,-74.18,41.92,M,M,M,0.0,M,M,M,M,M,0.0,M,M,M,M,M,M,M,M,M,M,M,M,M,M,M,M,M,M,M,M,M
US1NYNS0036,"SYOSSET 2.0 SSW","NASSAU",180,-73.51,40.79,M,M,0.0,0.0,0.0,M,M,M,M,0.0,0.0,M,0.0,M,M,M,0.0,0.0,M,M,0.0,M,M,M,M,M,0.0,M,M,0.0,0.0
US1NYOG0052,"SYRACUSE 2.7 S","ONONDAGA",430,-76.14,43.00,M,M,0.0,0.0,0.0,M,0.0,M,M,0.0,M,M,M,M,M,M,0.0,0.0,0.0,0.0,M,0.0,0.0,M,M,M,M,M,0.0,0.0,0.0
USW00014771,"SYRACUSE HANCOCK INTL AP","ONONDAGA",413,-76.10,43.11,0.0,0.0,0.0,0.0,0.0,0.0,0.0,0.0,0.0,0.0,0.0,0.0,0.0,0.0,0.0,0.0,0.0,0.0,0.0,0.0,0.0,0.0,0.0,0.0,0.0,0.0,0.0,0.0,0.0,0.0,0.0
USC00308455,"THERESA 4NW","JEFFERSON",361,-75.84,44.28,0.0,0.0,0.0,0.0,0.0,0.0,0.0,0.0,0.0,0.0,0.0,0.0,0.0,0.0,0.0,0.0,0.0,0.0,0.0,0.0,0.0,0.0,0.0,0.0,0.0,0.0,0.0,0.0,0.0,0.0,0.0
US1NYER0086,"TONAWANDA 1.5 NNE","ERIE",579,-78.87,43.01,M,M,0.0,M,0.0,M,0.0,M,0.0,0.0,0.0,0.0,M,0.0,0.0,0.0,0.0,M,0.0,0.0,M,0.0,M,M,M,0.0,M,M,M,M,0.0
US1NYER0072,"TONAWANDA 3.1 NE","ERIE",570,-78.83,43.01,M,M,0.0,0.0,0.0,0.0,0.0,M,0.0,0.0,M,0.0,M,M,M,0.0,M,0.0,0.0,0.0,M,0.0,M,M,M,0.0,M,M,0.0,0.0,0.0
US1NYRN0015,"TROY 0.7 E","RENSSELAER",434,-73.66,42.74,M,M,M,0.0,0.0,0.0,M,M,M,0.0,M,0.0,M,M,M,0.0,0.0,M,M,0.0,0.0,0.0,0.0,M,M,M,M,M,M,0.0,0.0
US1NYRN0020,"TROY 2.1 NNE","RENSSELAER",446,-73.65,42.76,0.0,0.0,0.0,0.0,0.0,0.0,0.0,0.0,0.0,0.0,0.0,0.0,0.0,0.0,0.0,0.0,0.0,0.0,0.0,0.0,M,M,M,M,M,M,M,M,M,0.0,0.0
US1NYRN0013,"TROY 6.9 NE","RENSSELAER",688,-73.56,42.79,M,M,M,M,M,M,M,M,M,M,M,0.0,M,M,M,M,M,M,M,M,M,M,M,M,M,M,M,M,M,M,M
USC00308600,"TROY LOCK AND DAM","RENSSELAER",24,-73.69,42.75,M,0.0,0.0,0.0,0.0,M,0.0,0.0,0.0,M,0.0,0.0,0.0,0.0,0.0,0.0,0.0,0.0,0.0,M,0.0,0.0,M,M,M,0.0,0.0,0.0,0.0,0.0,0.0
US1NYTM0038,"TRUMANSBURG 0.4 WNW","TOMPKINS",991,-76.67,42.54,0.0,0.0,0.0,0.0,0.0,0.0,0.0,0.0,0.0,0.0,0.0,0.0,0.0,0.0,0.0,0.0,0.0,0.0,0.0,0.0,M,M,M,M,0.0,0.0,0.0,0.0,0.0,0.0,0.0
USC00308631,"TUPPER LAKE SUNMOUNT","FRANKLIN",1680,-74.44,44.23,0.0,0.0,0.0,0.0,0.0,0.0,0.0,0.0,0.0,0.0,0.0,0.0,0.0,0.0,0.0,0.0,0.0,0.0,0.0,0.0,0.0,0.0,0.0,0.0,0.0,0.0,0.0,0.0,0.0,0.0,0.0
US1NYUL0020,"ULSTER PARK 0.9 NNW","ULSTER",176,-73.99,41.87,M,M,M,0.0,0.0,0.0,M,M,0.0,0.0,M,M,M,M,M,0.0,0.0,M,0.0,0.0,0.0,0.0,M,M,M,M,0.0,M,0.0,0.0,0.0
USC00308721,"UPTON COOP - NWSFO NEW YORK","SUFFOLK",26,-72.86,40.87,0.0,0.0,0.0,0.0,0.0,0.0,0.0,0.0,0.0,0.0,0.0,0.0,0.0,0.0,0.0,0.0,0.0,0.0,0.0,0.0,0.0,0.0,0.0,0.0,0.0,0.0,0.0,0.0,0.0,0.0,0.0
US1NYNS0035,"VALLEY STREAM 0.6 SE","NASSAU",12,-73.70,40.66,M,0.0,M,0.0,0.0,M,M,0.0,0.0,0.0,M,0.0,M,M,M,0.0,0.0,0.0,0.0,0.0,0.0,M,M,M,M,M,M,M,M,0.0,0.0
US1NYWY0007,"VARYSBURG 3.1 E","WYOMING",1698,-78.25,42.76,M,M,M,0.0,0.0,M,0.0,M,M,0.0,M,M,M,M,M,M,M,0.0,0.0,0.0,M,M,M,M,M,M,M,0.0,0.0,0.0,0.0
US1NYOD0011,"VERNON 0.4 NNW","ONEIDA",614,-75.54,43.09,0.0,0.0,0.0,0.0,0.0,0.0,0.0,0.0,0.0,0.0,0.0,0.0,0.0,0.0,0.0,0.0,0.0,0.0,0.0,0.0,0.0,0.0,0.0,0.0,0.0,0.0,0.0,0.0,0.0,0.0,0.0
US1NYBM0040,"VESTAL 0.4 SSE","BROOME",868,-76.05,42.08,M,M,M,0.0,0.0,0.0,M,M,M,0.0,M,M,M,M,M,M,0.0,M,0.0,0.0,M,M,M,M,M,M,0.0,M,0.0,0.0,M
US1NYBM0007,"VESTAL 2.8 SSE","BROOME",994,-76.03,42.05,M,M,M,0.0,0.0,0.0,M,M,M,0.0,M,0.0,M,M,M,M,0.0,M,M,0.0,0.0,M,M,M,M,M,M,M,0.0,0.0,0.0
US1NYBM0034,"VESTAL 3.2 E","BROOME",1390,-75.99,42.08,M,M,M,0.0,0.0,M,M,M,M,0.0,M,0.0,M,M,M,M,M,M,0.0,0.0,M,M,M,M,M,M,0.0,M,0.0,0.0,0.0
USC00308910,"WALES","ERIE",1135,-78.59,42.74,0.0,0.0,0.0,0.0,0.0,0.0,0.0,0.0,0.0,0.0,0.0,0.0,0.0,0.0,0.0,0.0,0.0,0.0,0.0,0.0,0.0,0.0,0.0,0.0,0.0,0.0,0.0,0.0,0.0,0.0,0.0
US1NYDL0024,"WALTON 6.5 W","DELAWARE",1249,-75.26,42.17,M,M,M,M,M,0.0,M,0.0,M,0.0,M,M,M,M,M,M,M,M,M,M,M,M,M,M,M,M,M,M,M,M,M
US1NYNS0034,"WANTAGH 0.3 ESE","NASSAU",14,-73.51,40.67,0.0,M,0.0,M,0.0,0.0,0.0,M,0.0,0.0,0.0,M,0.0,M,M,0.0,0.0,0.0,0.0,0.0,0.0,0.0,M,M,M,0.0,0.0,M,M,0.0,0.0
US1NYNS0037,"WANTAGH 1.1 NNE","NASSAU",34,-73.50,40.68,0.0,M,M,M,M,0.0,M,M,0.0,0.0,M,M,M,M,M,0.0,0.0,M,M,M,0.0,M,M,M,M,0.0,0.0,M,M,M,0.0
US1NYDT0005,"WAPPINGERS FALLS 1.6 ESE","DUTCHESS",231,-73.89,41.59,M,M,M,0.0,0.0,0.0,M,M,M,0.0,M,M,M,M,M,0.0,0.0,M,0.0,0.0,M,0.0,M,M,M,0.0,0.0,M,0.0,0.0,0.0
US1NYOG0062,"WARNERS 0.7 WNW","ONONDAGA",449,-76.34,43.09,0.0,0.0,0.0,0.0,0.0,0.0,0.0,0.0,M,0.0,0.0,0.0,0.0,0.0,0.0,0.0,0.0,0.0,0.0,0.0,0.0,0.0,0.0,0.0,0.0,0.0,0.0,0.0,0.0,0.0,0.0
US1NYWR0010,"WARRENSBURG 2.1 WNW","WARREN",664,-73.81,43.52,0.0,0.0,0.0,0.0,0.0,0.0,0.0,M,M,0.0,0.0,0.0,0.0,0.0,0.0,0.0,0.0,0.0,0.0,0.0,0.0,0.0,0.0,0.0,0.0,0.0,0.0,0.0,0.0,0.0,0.0
USC00308962,"WARSAW 6 SW","WYOMING",1819,-78.22,42.69,0.0,0.0,0.0,0.0,0.0,0.0,0.0,0.0,0.0,0.0,0.0,0.0,0.0,0.0,0.0,0.0,0.0,0.0,0.0,0.0,0.0,0.0,0.0,0.0,0.0,0.0,0.0,0.0,0.0,0.0,0.0
US1NYOR0004,"WARWICK 3.2 WNW","ORANGE",621,-74.42,41.27,0.0,0.0,0.0,0.0,0.0,0.0,M,0.0,M,0.0,0.0,M,0.0,M,M,0.0,0.0,M,0.0,0.0,M,0.0,0.0,0.0,M,0.0,0.0,0.0,0.0,0.0,0.0
US1NYOL0002,"WATERPORT 2.7 N","ORLEANS",281,-78.26,43.36,M,M,M,M,M,M,M,M,M,0.0,M,M,M,M,M,M,M,M,M,M,M,M,M,M,M,M,M,M,M,M,M
USC00309000,"WATERTOWN","JEFFERSON",497,-75.88,43.98,0.0,0.0,0.0,0.0,0.0,0.0,0.0,0.0,0.0,0.0,0.0,0.0,0.0,0.0,0.0,0.0,0.0,0.0,0.0,0.0,0.0,0.0,0.0,0.0,0.0,0.0,0.0,0.0,0.0,0.0,0.0
USW00094790,"WATERTOWN AP","JEFFERSON",318,-76.02,43.99,M,M,M,M,M,M,M,M,0.0,M,M,M,M,M,M,M,M,M,M,M,M,M,M,M,M,M,M,M,M,M,M
US1NYSY0006,"WATKINS GLEN 4.6 NW","SCHUYLER",1425,-76.94,42.42,M,M,M,0.0,0.0,0.0,0.0,M,M,0.0,M,0.0,M,M,M,M,0.0,M,M,0.0,M,M,M,M,M,M,M,M,M,0.0,0.0
USC00309047,"WAVERLY","TIOGA",845,-76.53,42.00,0.0,0.0,0.0,0.0,0.0,M,0.0,M,M,M,M,0.0,0.0,0.0,0.0,0.0,0.0,M,0.0,M,M,M,M,0.0,0.0,M,M,M,0.0,0.0,0.0
USC00309049,"WEBSTER 2 NE","MONROE",275,-77.39,43.24,0.0,0.0,0.0,0.0,0.0,0.0,0.0,0.0,0.0,0.0,0.0,0.0,0.0,0.0,0.0,0.0,0.0,0.0,0.0,0.0,0.0,0.0,0.0,0.0,0.0,0.0,0.0,0.0,0.0,0.0,0.0
US1NYMR0050,"WEBSTER 3.0 W","MONROE",393,-77.48,43.21,M,M,M,0.0,0.0,0.0,0.0,M,0.0,0.0,M,0.0,M,M,M,0.0,M,0.0,0.0,0.0,M,0.0,M,M,M,M,M,M,M,0.0,0.0
USC00309072,"WELLSVILLE","ALLEGANY",1509,-77.95,42.12,0.0,0.0,0.0,0.0,0.0,0.0,0.0,0.0,0.0,0.0,0.0,0.0,0.0,0.0,0.0,0.0,0.0,0.0,0.0,0.0,0.0,0.0,0.0,0.0,0.0,0.0,0.0,0.0,0.0,0.0,0.0
US1NYAL0002,"WEST ALMOND 3.6 SW","ALLEGANY",1823,-77.94,42.27,M,M,M,0.0,0.0,M,0.0,M,0.0,0.0,M,M,M,M,M,M,M,M,M,M,M,0.0,M,M,M,M,0.0,M,M,M,0.0
USC00309089,"WEST BLOOMFIELD 1 S","ONTARIO",990,-77.53,42.88,0.0,0.0,0.0,0.0,0.0,0.0,0.0,0.0,0.0,0.0,0.0,0.0,0.0,0.0,0.0,0.0,0.0,0.0,0.0,0.0,0.0,0.0,0.0,0.0,0.0,0.0,0.0,0.0,0.0,0.0,0.0
US1NYCM0007,"WEST ELMIRA 0.5 SSE","CHEMUNG",890,-76.85,42.08,0.0,M,0.0,0.0,0.0,0.0,0.0,M,M,0.0,M,0.0,M,M,M,0.0,0.0,M,0.0,0.0,M,0.0,M,M,M,M,0.0,M,0.0,0.0,0.0
US1NYSF0065,"WEST ISLIP 0.6 SW","SUFFOLK",17,-73.31,40.70,0.0,M,M,M,0.0,M,M,M,M,M,M,M,M,M,M,M,M,M,M,M,M,M,M,M,M,M,M,M,M,M,M
USC00309292,"WEST POINT","ORANGE",320,-73.96,41.39,M,M,M,M,M,M,M,M,M,M,M,M,M,M,M,M,M,M,M,M,M,M,M,M,M,M,M,M,M,M,0.0
US1NYER0113,"WEST SENECA 0.4 E","ERIE",651,-78.74,42.84,M,M,M,0.0,0.0,0.0,0.0,M,M,0.0,M,M,M,M,0.0,0.0,M,0.0,0.0,0.0,0.0,0.0,M,M,M,M,M,0.0,0.0,0.0,0.0
US1NYER0053,"WEST SENECA 1.9 W","ERIE",610,-78.79,42.84,M,M,0.0,0.0,0.0,0.0,0.0,M,M,0.0,M,0.0,M,M,0.0,M,M,0.0,0.0,0.0,M,0.0,M,M,M,0.0,M,M,0.0,0.0,0.0
USC00309248,"WESTMORELAND 4N","ONEIDA",565,-75.46,43.16,M,M,M,0.0,0.0,M,M,M,M,0.0,M,0.0,M,M,M,M,0.0,M,0.0,0.0,M,0.0,M,M,M,M,M,M,0.0,0.0,0.0
US1NYWC0003,"WHITE PLAINS 3.1 NNW","WESTCHESTER",233,-73.77,41.06,M,M,M,0.0,0.0,0.0,M,M,M,0.0,M,M,0.0,M,M,M,M,M,0.0,0.0,M,0.0,M,M,M,0.0,0.0,M,0.0,M,0.0
US1NYOD0042,"WHITESBORO 2.3 SW","ONEIDA",548,-75.33,43.10,M,M,M,M,M,M,M,M,M,0.0,M,0.0,M,M,M,M,0.0,M,0.0,0.0,M,M,M,M,M,M,0.0,M,0.0,0.0,0.0
USC00309425,"WHITESVILLE","ALLEGANY",1740,-77.76,42.04,0.0,0.0,0.0,0.0,0.0,0.0,0.0,0.0,0.0,0.0,0.0,0.0,0.0,0.0,0.0,0.0,0.0,0.0,0.0,0.0,0.0,0.0,0.0,0.0,0.0,0.0,0.0,0.0,0.0,0.0,0.0
US1NYBM0014,"WHITNEY POINT 1.7 SSE","BROOME",1266,-75.96,42.31,0.0,0.0,0.0,0.0,0.0,0.0,0.0,0.0,0.0,0.0,0.0,0.0,0.0,0.0,0.0,0.0,0.0,0.0,0.0,0.0,0.0,0.0,0.0,0.0,0.0,0.0,0.0,0.0,0.0,0.0,0.0
USC00309442,"WHITNEY POINT DAM","BROOME",1040,-75.97,42.34,0.0,0.0,0.0,0.0,0.0,0.0,0.0,M,M,0.0,0.0,0.0,0.0,0.0,0.0,0.0,0.0,0.0,0.0,0.0,0.0,M,M,0.0,M,0.0,0.0,0.0,0.0,0.0,0.0
US1NYCR0003,"WILLET 1.8 E","CORTLAND",1402,-75.87,42.47,M,M,M,0.0,0.0,0.0,M,0.0,M,0.0,M,M,M,M,M,M,0.0,M,0.0,0.0,M,0.0,M,M,M,M,M,M,0.0,0.0,0.0
US1NYER0007,"WILLIAMSVILLE 2.7 E","ERIE",702,-78.69,42.97,M,M,0.0,0.0,0.0,0.0,0.0,M,M,0.0,M,0.0,M,M,M,0.0,M,0.0,0.0,0.0,M,0.0,M,M,M,M,M,M,0.0,0.0,0.0
USC00309499,"WILMINGTON 2W","ESSEX",2019,-73.86,44.39,M,M,0.0,0.0,0.0,M,M,M,M,0.0,0.0,0.0,0.0,0.0,M,M,0.0,0.0,0.0,0.0,0.0,M,M,0.0,0.0,0.0,0.0,0.0,M,M,0.0
US1NYBM0021,"WINDSOR 8.0 SE","BROOME",1666,-75.51,42.01,M,M,M,0.0,0.0,0.0,M,M,M,0.0,M,0.0,M,M,M,0.0,0.0,M,0.0,0.0,M,0.0,M,M,M,M,0.0,M,0.0,0.0,0.0
US1NYWN0004,"WOLCOTT 4.8 N","WAYNE",312,-76.81,43.29,M,M,0.0,0.0,0.0,0.0,M,M,M,M,M,0.0,M,M,M,M,M,M,0.0,M,M,0.0,M,M,M,M,M,M,0.0,0.0,M
US1NYOT0014,"WORCESTER 4.0 SSW","OTSEGO",1680,-74.77,42.54,M,M,M,0.0,0.0,0.0,0.0,M,M,0.0,M,M,M,M,M,M,0.0,M,0.0,0.0,0.0,0.0,0.0,M,M,M,M,M,0.0,0.0,M
US1NYSV0008,"WURTSBORO 0.2 SSW","SULLIVAN",537,-74.49,41.57,M,0.0,0.0,0.0,0.0,0.0,M,M,M,0.0,M,0.0,0.0,M,M,0.0,0.0,0.0,0.0,0.0,M,0.0,M,M,M,M,0.0,M,0.0,0.0,0.0
US1NYRN0014,"WYANTSKILL 1.6 SSE","RENSSELAER",581,-73.64,42.67,M,M,M,M,M,M,M,M,M,M,M,M,M,M,M,M,0.0,M,M,M,M,M,M,M,M,M,M,M,M,M,M
USC00309593,"WYOMING 3W","WYOMING",1549,-78.15,42.82,0.0,0.0,0.0,0.0,0.0,0.0,0.0,0.0,0.0,0.0,0.0,0.0,0.0,0.0,0.0,0.0,0.0,0.0,0.0,0.0,0.0,0.0,0.0,0.0,0.0,0.0,0.0,0.0,0.0,0.0,0.0
US1NYWC0007,"YORKTOWN HEIGHTS 0.6 SW","WESTCHESTER",571,-73.79,41.26,M,M,0.0,0.0,0.0,0.0,M,M,M,0.0,M,0.0,0.0,M,M,M,0.0,M,0.0,0.0,M,0.0,M,M,M,M,0.0,0.0,0.0,0.0,0.0
USC00309690,"YOUNGSTOWN 2 NE","NIAGARA",280,-79.01,43.27,0.0,0.0,0.0,0.0,0.0,0.0,0.0,0.0,0.0,0.0,0.0,0.0,0.0,0.0,0.0,0.0,0.0,0.0,0.0,0.0,0.0,0.0,0.0,0.0,0.0,0.0,0.0,0.0,0.0,0.0,0.0
